Novak Djokovic;Australian Open;Finals;Dominic Thiem;5;W;64 46 26 63 64
Novak Djokovic;Australian Open;Semi-Finals;Roger Federer;3;W;761 64 63
Novak Djokovic;Australian Open;Quarter-Finals;Milos Raonic;35;W;64 63 761
Novak Djokovic;Australian Open;Round of 16;Diego Schwartzman;14;W;63 64 64
Novak Djokovic;Australian Open;Round of 32;Yoshihito Nishioka;71;W;63 62 62
Novak Djokovic;Australian Open;Round of 64;Tatsuma Ito;146;W;61 64 62
Novak Djokovic;Australian Open;Round of 128;Jan-Lennard Struff;37;W;765 62 26 61
Novak Djokovic;ATP Cup;Finals;Rafael Nadal;1;W;62 764
Novak Djokovic;ATP Cup;Semi-Finals;Daniil Medvedev;5;W;61 57 64
Novak Djokovic;ATP Cup;Quarter-Finals;Denis Shapovalov;15;W;46 61 764
Novak Djokovic;ATP Cup;Round Robin;Cristian Garin;33;W;63 63
Novak Djokovic;ATP Cup;Round Robin;Gael Monfils;10;W;63 62
Novak Djokovic;ATP Cup;Round Robin;Kevin Anderson;91;W;765 766
Novak Djokovic;Davis Cup Finals;Quarter-Finals;Karen Khachanov;17;W;63 63
Novak Djokovic;Davis Cup Finals;Round Robin;Benoit Paire;24;W;63 63
Novak Djokovic;Davis Cup Finals;Round Robin;Yoshihito Nishioka;73;W;61 62
Novak Djokovic;Nitto ATP Finals;Round Robin;Roger Federer;3;L;46 36
Novak Djokovic;Nitto ATP Finals;Round Robin;Dominic Thiem;5;L;765 36 675
Novak Djokovic;Nitto ATP Finals;Round Robin;Matteo Berrettini;8;W;62 61
Novak Djokovic;ATP Masters 1000 Paris;Finals;Denis Shapovalov;28;W;63 64
Novak Djokovic;ATP Masters 1000 Paris;Semi-Finals;Grigor Dimitrov;27;W;765 64
Novak Djokovic;ATP Masters 1000 Paris;Quarter-Finals;Stefanos Tsitsipas;7;W;61 62
Novak Djokovic;ATP Masters 1000 Paris;Round of 16;Kyle Edmund;75;W;767 61
Novak Djokovic;ATP Masters 1000 Paris;Round of 32;Corentin Moutet;97;W;762 64
Novak Djokovic;ATP Masters 1000 Paris;Round of 64;Bye;;;
Novak Djokovic;ATP Masters 1000 Shanghai;Quarter-Finals;Stefanos Tsitsipas;7;L;63 57 36
Novak Djokovic;ATP Masters 1000 Shanghai;Round of 16;John Isner;17;W;75 63
Novak Djokovic;ATP Masters 1000 Shanghai;Round of 32;Denis Shapovalov;36;W;63 63
Novak Djokovic;ATP Masters 1000 Shanghai;Round of 64;Bye;;;
Novak Djokovic;Tokyo;Finals;John Millman;80;W;63 62
Novak Djokovic;Tokyo;Semi-Finals;David Goffin;15;W;63 64
Novak Djokovic;Tokyo;Quarter-Finals;Lucas Pouille;24;W;61 62
Novak Djokovic;Tokyo;Round of 16;Go Soeda;133;W;63 75
Novak Djokovic;Tokyo;Round of 32;Alexei Popyrin;94;W;64 62
Novak Djokovic;US Open;Round of 16;Stan Wawrinka;24;L;46 57 12 (RET)
Novak Djokovic;US Open;Round of 32;Denis Kudla;111;W;63 64 62
Novak Djokovic;US Open;Round of 64;Juan Ignacio Londero;56;W;64 763 61
Novak Djokovic;US Open;Round of 128;Roberto Carballes Baena;76;W;64 61 64
Novak Djokovic;ATP Masters 1000 Cincinnati;Semi-Finals;Daniil Medvedev;8;L;63 36 36
Novak Djokovic;ATP Masters 1000 Cincinnati;Quarter-Finals;Lucas Pouille;31;W;762 61
Novak Djokovic;ATP Masters 1000 Cincinnati;Round of 16;Pablo Carreno Busta;53;W;63 64
Novak Djokovic;ATP Masters 1000 Cincinnati;Round of 32;Sam Querrey;45;W;75 61
Novak Djokovic;ATP Masters 1000 Cincinnati;Round of 64;Bye;;;
Novak Djokovic;Wimbledon;Finals;Roger Federer;3;W;765 16 764 46 13-12
Novak Djokovic;Wimbledon;Semi-Finals;Roberto Bautista Agut;22;W;62 46 63 62
Novak Djokovic;Wimbledon;Quarter-Finals;David Goffin;23;W;64 60 62
Novak Djokovic;Wimbledon;Round of 16;Ugo Humbert;66;W;63 62 63
Novak Djokovic;Wimbledon;Round of 32;Hubert Hurkacz;48;W;75 675 61 64
Novak Djokovic;Wimbledon;Round of 64;Denis Kudla;111;W;63 62 62
Novak Djokovic;Wimbledon;Round of 128;Philipp Kohlschreiber;57;W;63 75 63
Novak Djokovic;Roland Garros;Semi-Finals;Dominic Thiem;4;L;26 63 57 75 57
Novak Djokovic;Roland Garros;Quarter-Finals;Alexander Zverev;5;W;75 62 62
Novak Djokovic;Roland Garros;Round of 16;Jan-Lennard Struff;45;W;63 62 62
Novak Djokovic;Roland Garros;Round of 32;Salvatore Caruso;147;W;63 63 62
Novak Djokovic;Roland Garros;Round of 64;Henri Laaksonen;104;W;61 64 63
Novak Djokovic;Roland Garros;Round of 128;Hubert Hurkacz;44;W;64 62 62
Novak Djokovic;ATP Masters 1000 Rome;Finals;Rafael Nadal;2;L;06 64 16
Novak Djokovic;ATP Masters 1000 Rome;Semi-Finals;Diego Schwartzman;24;W;63 672 63
Novak Djokovic;ATP Masters 1000 Rome;Quarter-Finals;Juan Martin del Potro;9;W;46 766 64
Novak Djokovic;ATP Masters 1000 Rome;Round of 16;Philipp Kohlschreiber;56;W;63 60
Novak Djokovic;ATP Masters 1000 Rome;Round of 32;Denis Shapovalov;22;W;61 63
Novak Djokovic;ATP Masters 1000 Rome;Round of 64;Bye;;;
Novak Djokovic;ATP Masters 1000 Madrid;Finals;Stefanos Tsitsipas;9;W;63 64
Novak Djokovic;ATP Masters 1000 Madrid;Semi-Finals;Dominic Thiem;5;W;762 764
Novak Djokovic;ATP Masters 1000 Madrid;Quarter-Finals;Marin Cilic;11;W;(W/O)
Novak Djokovic;ATP Masters 1000 Madrid;Round of 16;Jeremy Chardy;47;W;61 762
Novak Djokovic;ATP Masters 1000 Madrid;Round of 32;Taylor Fritz;57;W;64 62
Novak Djokovic;ATP Masters 1000 Madrid;Round of 64;Bye;;;
Novak Djokovic;ATP Masters 1000 Monte Carlo;Quarter-Finals;Daniil Medvedev;14;L;36 64 26
Novak Djokovic;ATP Masters 1000 Monte Carlo;Round of 16;Taylor Fritz;65;W;63 60
Novak Djokovic;ATP Masters 1000 Monte Carlo;Round of 32;Philipp Kohlschreiber;40;W;63 46 64
Novak Djokovic;ATP Masters 1000 Monte Carlo;Round of 64;Bye;;;
Novak Djokovic;ATP Masters 1000 Miami;Round of 16;Roberto Bautista Agut;25;L;61 57 36
Novak Djokovic;ATP Masters 1000 Miami;Round of 32;Federico Delbonis;83;W;75 46 61
Novak Djokovic;ATP Masters 1000 Miami;Round of 64;Bernard Tomic;81;W;762 62
Novak Djokovic;ATP Masters 1000 Miami;Round of 128;Bye;;;
Novak Djokovic;ATP Masters 1000 Indian Wells;Round of 32;Philipp Kohlschreiber;39;L;46 46
Novak Djokovic;ATP Masters 1000 Indian Wells;Round of 64;Bjorn Fratangelo;128;W;765 62
Novak Djokovic;ATP Masters 1000 Indian Wells;Round of 128;Bye;;;
Novak Djokovic;Australian Open;Finals;Rafael Nadal;2;W;63 62 63
Novak Djokovic;Australian Open;Semi-Finals;Lucas Pouille;31;W;60 62 62
Novak Djokovic;Australian Open;Quarter-Finals;Kei Nishikori;9;W;61 41 (RET)
Novak Djokovic;Australian Open;Round of 16;Daniil Medvedev;19;W;64 675 62 63
Novak Djokovic;Australian Open;Round of 32;Denis Shapovalov;27;W;63 64 46 60
Novak Djokovic;Australian Open;Round of 64;Jo-Wilfried Tsonga;177;W;63 75 64
Novak Djokovic;Australian Open;Round of 128;Mitchell Krueger;230;W;63 62 62
Novak Djokovic;Doha;Semi-Finals;Roberto Bautista Agut;24;L;63 676 46
Novak Djokovic;Doha;Quarter-Finals;Nikoloz Basilashvili;21;W;46 63 64
Novak Djokovic;Doha;Round of 16;Marton Fucsovics;36;W;46 64 61
Novak Djokovic;Doha;Round of 32;Damir Dzumhur;47;W;61 62
Novak Djokovic;Nitto ATP Finals;Finals;Alexander Zverev;5;L;46 36
Novak Djokovic;Nitto ATP Finals;Semi-Finals;Kevin Anderson;6;W;62 62
Novak Djokovic;Nitto ATP Finals;Round Robin;Marin Cilic;7;W;767 62
Novak Djokovic;Nitto ATP Finals;Round Robin;Alexander Zverev;5;W;64 61
Novak Djokovic;Nitto ATP Finals;Round Robin;John Isner;10;W;64 63
Novak Djokovic;ATP Masters 1000 Paris;Finals;Karen Khachanov;18;L;57 46
Novak Djokovic;ATP Masters 1000 Paris;Semi-Finals;Roger Federer;3;W;766 57 763
Novak Djokovic;ATP Masters 1000 Paris;Quarter-Finals;Marin Cilic;7;W;46 62 63
Novak Djokovic;ATP Masters 1000 Paris;Round of 16;Damir Dzumhur;52;W;61 21 (RET)
Novak Djokovic;ATP Masters 1000 Paris;Round of 32;Joao Sousa;48;W;75 61
Novak Djokovic;ATP Masters 1000 Paris;Round of 64;Bye;;;
Novak Djokovic;ATP Masters 1000 Shanghai;Finals;Borna Coric;19;W;63 64
Novak Djokovic;ATP Masters 1000 Shanghai;Semi-Finals;Alexander Zverev;5;W;62 61
Novak Djokovic;ATP Masters 1000 Shanghai;Quarter-Finals;Kevin Anderson;8;W;761 63
Novak Djokovic;ATP Masters 1000 Shanghai;Round of 16;Marco Cecchinato;21;W;64 60
Novak Djokovic;ATP Masters 1000 Shanghai;Round of 32;Jeremy Chardy;41;W;63 75
Novak Djokovic;ATP Masters 1000 Shanghai;Round of 64;Bye;;;
Novak Djokovic;Laver Cup;Round Robin;Kevin Anderson;9;L;675 75 016
Novak Djokovic;US Open;Finals;Juan Martin del Potro;3;W;63 764 63
Novak Djokovic;US Open;Semi-Finals;Kei Nishikori;19;W;63 64 62
Novak Djokovic;US Open;Quarter-Finals;John Millman;55;W;63 64 64
Novak Djokovic;US Open;Round of 16;Joao Sousa;68;W;63 64 63
Novak Djokovic;US Open;Round of 32;Richard Gasquet;25;W;62 63 63
Novak Djokovic;US Open;Round of 64;Tennys Sandgren;61;W;61 63 672 62
Novak Djokovic;US Open;Round of 128;Marton Fucsovics;41;W;63 36 64 60
Novak Djokovic;ATP Masters 1000 Cincinnati;Finals;Roger Federer;2;W;64 64
Novak Djokovic;ATP Masters 1000 Cincinnati;Semi-Finals;Marin Cilic;7;W;64 36 63
Novak Djokovic;ATP Masters 1000 Cincinnati;Quarter-Finals;Milos Raonic;29;W;75 46 63
Novak Djokovic;ATP Masters 1000 Cincinnati;Round of 16;Grigor Dimitrov;5;W;26 63 64
Novak Djokovic;ATP Masters 1000 Cincinnati;Round of 32;Adrian Mannarino;28;W;46 62 61
Novak Djokovic;ATP Masters 1000 Cincinnati;Round of 64;Steve Johnson;33;W;64 764
Novak Djokovic;ATP Masters 1000 Canada;Round of 16;Stefanos Tsitsipas;27;L;36 765 36
Novak Djokovic;ATP Masters 1000 Canada;Round of 32;Peter Polansky;121;W;63 64
Novak Djokovic;ATP Masters 1000 Canada;Round of 64;Mirza Basic;84;W;63 763
Novak Djokovic;Wimbledon;Finals;Kevin Anderson;8;W;62 62 763
Novak Djokovic;Wimbledon;Semi-Finals;Rafael Nadal;1;W;64 36 769 36 10-8
Novak Djokovic;Wimbledon;Quarter-Finals;Kei Nishikori;28;W;63 36 62 62
Novak Djokovic;Wimbledon;Round of 16;Karen Khachanov;40;W;64 62 62
Novak Djokovic;Wimbledon;Round of 32;Kyle Edmund;17;W;46 63 62 64
Novak Djokovic;Wimbledon;Round of 64;Horacio Zeballos;126;W;61 62 63
Novak Djokovic;Wimbledon;Round of 128;Tennys Sandgren;57;W;63 61 62
Novak Djokovic;London / Queen's Club;Finals;Marin Cilic;6;L;75 674 36
Novak Djokovic;London / Queen's Club;Semi-Finals;Jeremy Chardy;61;W;765 64
Novak Djokovic;London / Queen's Club;Quarter-Finals;Adrian Mannarino;26;W;75 61
Novak Djokovic;London / Queen's Club;Round of 16;Grigor Dimitrov;5;W;64 61
Novak Djokovic;London / Queen's Club;Round of 32;John Millman;63;W;62 61
Novak Djokovic;Roland Garros;Quarter-Finals;Marco Cecchinato;72;L;36 674 61 6711
Novak Djokovic;Roland Garros;Round of 16;Fernando Verdasco;35;W;63 64 62
Novak Djokovic;Roland Garros;Round of 32;Roberto Bautista Agut;13;W;64 676 764 62
Novak Djokovic;Roland Garros;Round of 64;Jaume Munar;155;W;761 64 64
Novak Djokovic;Roland Garros;Round of 128;Rogerio Dutra Silva;134;W;63 64 64
Novak Djokovic;ATP Masters 1000 Rome;Semi-Finals;Rafael Nadal;2;L;674 36
Novak Djokovic;ATP Masters 1000 Rome;Quarter-Finals;Kei Nishikori;24;W;26 61 63
Novak Djokovic;ATP Masters 1000 Rome;Round of 16;Albert Ramos-Vinolas;41;W;61 75
Novak Djokovic;ATP Masters 1000 Rome;Round of 32;Nikoloz Basilashvili;74;W;64 62
Novak Djokovic;ATP Masters 1000 Rome;Round of 64;Alexandr Dolgopolov;54;W;61 63
Novak Djokovic;ATP Masters 1000 Madrid;Round of 32;Kyle Edmund;22;L;36 62 36
Novak Djokovic;ATP Masters 1000 Madrid;Round of 64;Kei Nishikori;20;W;75 64
Novak Djokovic;Barcelona;Round of 32;Martin Klizan;140;L;26 61 36
Novak Djokovic;Barcelona;Round of 64;Bye;;;
Novak Djokovic;ATP Masters 1000 Monte Carlo;Round of 16;Dominic Thiem;7;L;762 26 36
Novak Djokovic;ATP Masters 1000 Monte Carlo;Round of 32;Borna Coric;39;W;762 75
Novak Djokovic;ATP Masters 1000 Monte Carlo;Round of 64;Dusan Lajovic;93;W;60 61
Novak Djokovic;ATP Masters 1000 Miami;Round of 64;Benoit Paire;47;L;36 46
Novak Djokovic;ATP Masters 1000 Miami;Round of 128;Bye;;;
Novak Djokovic;ATP Masters 1000 Indian Wells;Round of 64;Taro Daniel;109;L;673 64 16
Novak Djokovic;ATP Masters 1000 Indian Wells;Round of 128;Bye;;;
Novak Djokovic;Australian Open;Round of 16;Hyeon Chung;58;L;674 57 673
Novak Djokovic;Australian Open;Round of 32;Albert Ramos-Vinolas;22;W;62 63 63
Novak Djokovic;Australian Open;Round of 64;Gael Monfils;39;W;46 63 61 63
Novak Djokovic;Australian Open;Round of 128;Donald Young;63;W;61 62 64
Novak Djokovic;Wimbledon;Quarter-Finals;Tomas Berdych;15;L;672 02 (RET)
Novak Djokovic;Wimbledon;Round of 16;Adrian Mannarino;51;W;62 765 64
Novak Djokovic;Wimbledon;Round of 32;Ernests Gulbis;589;W;64 61 762
Novak Djokovic;Wimbledon;Round of 64;Adam Pavlasek;136;W;62 62 61
Novak Djokovic;Wimbledon;Round of 128;Martin Klizan;47;W;63 20 (RET)
Novak Djokovic;Eastbourne;Finals;Gael Monfils;16;W;63 64
Novak Djokovic;Eastbourne;Semi-Finals;Daniil Medvedev;52;W;64 64
Novak Djokovic;Eastbourne;Quarter-Finals;Donald Young;47;W;62 769
Novak Djokovic;Eastbourne;Round of 16;Vasek Pospisil;75;W;64 63
Novak Djokovic;Eastbourne;Round of 32;Bye;;;
Novak Djokovic;Roland Garros;Quarter-Finals;Dominic Thiem;7;L;675 36 06
Novak Djokovic;Roland Garros;Round of 16;Albert Ramos-Vinolas;20;W;765 61 63
Novak Djokovic;Roland Garros;Round of 32;Diego Schwartzman;41;W;57 63 36 61 61
Novak Djokovic;Roland Garros;Round of 64;Joao Sousa;59;W;61 64 63
Novak Djokovic;Roland Garros;Round of 128;Marcel Granollers;77;W;63 64 62
Novak Djokovic;ATP Masters 1000 Rome;Finals;Alexander Zverev;17;L;46 36
Novak Djokovic;ATP Masters 1000 Rome;Semi-Finals;Dominic Thiem;7;W;61 60
Novak Djokovic;ATP Masters 1000 Rome;Quarter-Finals;Juan Martin del Potro;34;W;61 64
Novak Djokovic;ATP Masters 1000 Rome;Round of 16;Roberto Bautista Agut;20;W;64 64
Novak Djokovic;ATP Masters 1000 Rome;Round of 32;Aljaz Bedene;55;W;762 62
Novak Djokovic;ATP Masters 1000 Rome;Round of 64;Bye;;;
Novak Djokovic;ATP Masters 1000 Madrid;Semi-Finals;Rafael Nadal;5;L;26 46
Novak Djokovic;ATP Masters 1000 Madrid;Quarter-Finals;Kei Nishikori;8;W;(W/O)
Novak Djokovic;ATP Masters 1000 Madrid;Round of 16;Feliciano Lopez;38;W;64 75
Novak Djokovic;ATP Masters 1000 Madrid;Round of 32;Nicolas Almagro;76;W;61 46 75
Novak Djokovic;ATP Masters 1000 Madrid;Round of 64;Bye;;;
Novak Djokovic;ATP Masters 1000 Monte Carlo;Quarter-Finals;David Goffin;13;L;26 63 57
Novak Djokovic;ATP Masters 1000 Monte Carlo;Round of 16;Pablo Carreno Busta;19;W;62 46 64
Novak Djokovic;ATP Masters 1000 Monte Carlo;Round of 32;Gilles Simon;32;W;63 36 75
Novak Djokovic;ATP Masters 1000 Monte Carlo;Round of 64;Bye;;;
Novak Djokovic;SRB  vs. ESP WG QF;Round Robin;Albert Ramos-Vinolas;24;W;63 64 62
Novak Djokovic;ATP Masters 1000 Indian Wells;Round of 16;Nick Kyrgios;16;L;46 673
Novak Djokovic;ATP Masters 1000 Indian Wells;Round of 32;Juan Martin del Potro;35;W;75 46 61
Novak Djokovic;ATP Masters 1000 Indian Wells;Round of 64;Kyle Edmund;46;W;64 765
Novak Djokovic;ATP Masters 1000 Indian Wells;Round of 128;Bye;;;
Novak Djokovic;Acapulco;Quarter-Finals;Nick Kyrgios;17;L;679 57
Novak Djokovic;Acapulco;Round of 16;Juan Martin del Potro;32;W;46 64 64
Novak Djokovic;Acapulco;Round of 32;Martin Klizan;62;W;63 764
Novak Djokovic;SRB vs. RUS WG 1st RD;Round Robin;Daniil Medvedev;63;W;36 64 61 10 (RET)
Novak Djokovic;Australian Open;Round of 64;Denis Istomin;117;L;678 75 62 675 46
Novak Djokovic;Australian Open;Round of 128;Fernando Verdasco;40;W;61 764 62
Novak Djokovic;Doha;Finals;Andy Murray;1;W;63 57 64
Novak Djokovic;Doha;Semi-Finals;Fernando Verdasco;42;W;46 767 63
Novak Djokovic;Doha;Quarter-Finals;Radek Stepanek;107;W;63 63
Novak Djokovic;Doha;Round of 16;Horacio Zeballos;71;W;63 64
Novak Djokovic;Doha;Round of 32;Jan-Lennard Struff;63;W;761 63
Novak Djokovic;ATP Finals;Finals;Andy Murray;1;L;36 46
Novak Djokovic;ATP Finals;Semi-Finals;Kei Nishikori;5;W;61 61
Novak Djokovic;ATP Finals;Round Robin;David Goffin;11;W;61 62
Novak Djokovic;ATP Finals;Round Robin;Milos Raonic;4;W;766 765
Novak Djokovic;ATP Finals;Round Robin;Dominic Thiem;9;W;6710 60 62
Novak Djokovic;ATP Masters 1000 Paris;Quarter-Finals;Marin Cilic;10;L;46 672
Novak Djokovic;ATP Masters 1000 Paris;Round of 16;Grigor Dimitrov;18;W;46 62 63
Novak Djokovic;ATP Masters 1000 Paris;Round of 32;Gilles Muller;34;W;63 64
Novak Djokovic;ATP Masters 1000 Paris;Round of 64;Bye;;;
Novak Djokovic;ATP Masters 1000 Shanghai;Semi-Finals;Roberto Bautista Agut;19;L;46 46
Novak Djokovic;ATP Masters 1000 Shanghai;Quarter-Finals;Mischa Zverev;110;W;36 764 63
Novak Djokovic;ATP Masters 1000 Shanghai;Round of 16;Vasek Pospisil;131;W;64 64
Novak Djokovic;ATP Masters 1000 Shanghai;Round of 32;Fabio Fognini;50;W;63 63
Novak Djokovic;ATP Masters 1000 Shanghai;Round of 64;Bye;;;
Novak Djokovic;US Open;Finals;Stan Wawrinka;3;L;761 46 57 36
Novak Djokovic;US Open;Semi-Finals;Gael Monfils;12;W;63 62 36 62
Novak Djokovic;US Open;Quarter-Finals;Jo-Wilfried Tsonga;11;W;63 62 (RET)
Novak Djokovic;US Open;Round of 16;Kyle Edmund;84;W;62 61 64
Novak Djokovic;US Open;Round of 32;Mikhail Youzhny;61;W;42 (RET)
Novak Djokovic;US Open;Round of 64;Jiri Vesely;49;W;(W/O)
Novak Djokovic;US Open;Round of 128;Jerzy Janowicz;247;W;63 57 62 61
Novak Djokovic;Rio de Janeiro Olympic Games;Round of 64;Juan Martin del Potro;141;L;674 672
Novak Djokovic;ATP Masters 1000 Canada;Finals;Kei Nishikori;6;W;63 75
Novak Djokovic;ATP Masters 1000 Canada;Semi-Finals;Gael Monfils;14;W;63 62
Novak Djokovic;ATP Masters 1000 Canada;Quarter-Finals;Tomas Berdych;8;W;766 64
Novak Djokovic;ATP Masters 1000 Canada;Round of 16;Radek Stepanek;129;W;62 64
Novak Djokovic;ATP Masters 1000 Canada;Round of 32;Gilles Muller;37;W;75 763
Novak Djokovic;ATP Masters 1000 Canada;Round of 64;Bye;;;
Novak Djokovic;Wimbledon;Round of 32;Sam Querrey;41;L;676 16 63 675
Novak Djokovic;Wimbledon;Round of 64;Adrian Mannarino;55;W;64 63 765
Novak Djokovic;Wimbledon;Round of 128;James Ward;177;W;60 763 64
Novak Djokovic;Roland Garros;Finals;Andy Murray;2;W;36 61 62 64
Novak Djokovic;Roland Garros;Semi-Finals;Dominic Thiem;15;W;62 61 64
Novak Djokovic;Roland Garros;Quarter-Finals;Tomas Berdych;8;W;63 75 63
Novak Djokovic;Roland Garros;Round of 16;Roberto Bautista Agut;16;W;36 64 61 75
Novak Djokovic;Roland Garros;Round of 32;Aljaz Bedene;66;W;62 63 63
Novak Djokovic;Roland Garros;Round of 64;Steve Darcis;161;W;75 63 64
Novak Djokovic;Roland Garros;Round of 128;Yen-Hsun Lu;95;W;64 61 61
Novak Djokovic;ATP Masters 1000 Rome;Finals;Andy Murray;3;L;36 36
Novak Djokovic;ATP Masters 1000 Rome;Semi-Finals;Kei Nishikori;6;W;26 64 765
Novak Djokovic;ATP Masters 1000 Rome;Quarter-Finals;Rafael Nadal;5;W;75 764
Novak Djokovic;ATP Masters 1000 Rome;Round of 16;Thomaz Bellucci;37;W;06 63 62
Novak Djokovic;ATP Masters 1000 Rome;Round of 32;Stephane Robert;103;W;75 75
Novak Djokovic;ATP Masters 1000 Rome;Round of 64;Bye;;;
Novak Djokovic;ATP Masters 1000 Madrid;Finals;Andy Murray;2;W;62 36 63
Novak Djokovic;ATP Masters 1000 Madrid;Semi-Finals;Kei Nishikori;6;W;63 764
Novak Djokovic;ATP Masters 1000 Madrid;Quarter-Finals;Milos Raonic;10;W;63 64
Novak Djokovic;ATP Masters 1000 Madrid;Round of 16;Roberto Bautista Agut;17;W;62 61
Novak Djokovic;ATP Masters 1000 Madrid;Round of 32;Borna Coric;40;W;62 64
Novak Djokovic;ATP Masters 1000 Madrid;Round of 64;Bye;;;
Novak Djokovic;ATP Masters 1000 Monte Carlo;Round of 32;Jiri Vesely;55;L;46 62 46
Novak Djokovic;ATP Masters 1000 Monte Carlo;Round of 64;Bye;;;
Novak Djokovic;ATP Masters 1000 Miami;Finals;Kei Nishikori;6;W;63 63
Novak Djokovic;ATP Masters 1000 Miami;Semi-Finals;David Goffin;15;W;765 64
Novak Djokovic;ATP Masters 1000 Miami;Quarter-Finals;Tomas Berdych;7;W;63 63
Novak Djokovic;ATP Masters 1000 Miami;Round of 16;Dominic Thiem;14;W;63 64
Novak Djokovic;ATP Masters 1000 Miami;Round of 32;Joao Sousa;38;W;64 61
Novak Djokovic;ATP Masters 1000 Miami;Round of 64;Kyle Edmund;87;W;63 63
Novak Djokovic;ATP Masters 1000 Miami;Round of 128;Bye;;;
Novak Djokovic;ATP Masters 1000 Indian Wells;Finals;Milos Raonic;14;W;62 60
Novak Djokovic;ATP Masters 1000 Indian Wells;Semi-Finals;Rafael Nadal;5;W;765 62
Novak Djokovic;ATP Masters 1000 Indian Wells;Quarter-Finals;Jo-Wilfried Tsonga;9;W;762 762
Novak Djokovic;ATP Masters 1000 Indian Wells;Round of 16;Feliciano Lopez;21;W;63 63
Novak Djokovic;ATP Masters 1000 Indian Wells;Round of 32;Philipp Kohlschreiber;30;W;75 75
Novak Djokovic;ATP Masters 1000 Indian Wells;Round of 64;Bjorn Fratangelo;149;W;26 61 62
Novak Djokovic;ATP Masters 1000 Indian Wells;Round of 128;Bye;;;
Novak Djokovic;SRB vs. KAZ WG 1st RD;Round Robin;Mikhail Kukushkin;79;W;676 763 46 63 62
Novak Djokovic;SRB vs. KAZ WG 1st RD;Round Robin;Aleksandr Nedovyesov;200;W;61 62 63
Novak Djokovic;Dubai;Quarter-Finals;Feliciano Lopez;24;L;36 (RET)
Novak Djokovic;Dubai;Round of 16;Malek Jaziri;121;W;61 62
Novak Djokovic;Dubai;Round of 32;Tommy Robredo;41;W;61 62
Novak Djokovic;Australian Open;Finals;Andy Murray;2;W;61 75 763
Novak Djokovic;Australian Open;Semi-Finals;Roger Federer;3;W;61 62 36 63
Novak Djokovic;Australian Open;Quarter-Finals;Kei Nishikori;7;W;63 62 64
Novak Djokovic;Australian Open;Round of 16;Gilles Simon;15;W;63 671 64 46 63
Novak Djokovic;Australian Open;Round of 32;Andreas Seppi;29;W;61 75 766
Novak Djokovic;Australian Open;Round of 64;Quentin Halys;187;W;61 62 763
Novak Djokovic;Australian Open;Round of 128;Hyeon Chung;52;W;63 62 64
Novak Djokovic;Doha;Finals;Rafael Nadal;5;W;61 62
Novak Djokovic;Doha;Semi-Finals;Tomas Berdych;6;W;63 763
Novak Djokovic;Doha;Quarter-Finals;Leonardo Mayer;35;W;63 75
Novak Djokovic;Doha;Round of 16;Fernando Verdasco;49;W;62 62
Novak Djokovic;Doha;Round of 32;Dustin Brown;118;W;62 62
Novak Djokovic;ATP Finals;Finals;Roger Federer;3;W;63 64
Novak Djokovic;ATP Finals;Semi-Finals;Rafael Nadal;5;W;63 63
Novak Djokovic;ATP Finals;Round Robin;Tomas Berdych;6;W;63 75
Novak Djokovic;ATP Finals;Round Robin;Roger Federer;3;L;57 26
Novak Djokovic;ATP Finals;Round Robin;Kei Nishikori;8;W;61 61
Novak Djokovic;ATP Masters 1000 Paris;Finals;Andy Murray;3;W;62 64
Novak Djokovic;ATP Masters 1000 Paris;Semi-Finals;Stan Wawrinka;4;W;63 36 60
Novak Djokovic;ATP Masters 1000 Paris;Quarter-Finals;Tomas Berdych;5;W;763 768
Novak Djokovic;ATP Masters 1000 Paris;Round of 16;Gilles Simon;15;W;63 75
Novak Djokovic;ATP Masters 1000 Paris;Round of 32;Thomaz Bellucci;40;W;75 63
Novak Djokovic;ATP Masters 1000 Paris;Round of 64;Bye;;;
Novak Djokovic;ATP Masters 1000 Shanghai;Finals;Jo-Wilfried Tsonga;15;W;62 64
Novak Djokovic;ATP Masters 1000 Shanghai;Semi-Finals;Andy Murray;2;W;61 63
Novak Djokovic;ATP Masters 1000 Shanghai;Quarter-Finals;Bernard Tomic;20;W;766 61
Novak Djokovic;ATP Masters 1000 Shanghai;Round of 16;Feliciano Lopez;17;W;62 63
Novak Djokovic;ATP Masters 1000 Shanghai;Round of 32;Martin Klizan;44;W;62 61
Novak Djokovic;ATP Masters 1000 Shanghai;Round of 64;Bye;;;
Novak Djokovic;Beijing;Finals;Rafael Nadal;8;W;62 62
Novak Djokovic;Beijing;Semi-Finals;David Ferrer;7;W;62 63
Novak Djokovic;Beijing;Quarter-Finals;John Isner;13;W;62 62
Novak Djokovic;Beijing;Round of 16;Ze Zhang;219;W;62 61
Novak Djokovic;Beijing;Round of 32;Simone Bolelli;59;W;61 61
Novak Djokovic;US Open;Finals;Roger Federer;2;W;64 57 64 64
Novak Djokovic;US Open;Semi-Finals;Marin Cilic;9;W;60 61 62
Novak Djokovic;US Open;Quarter-Finals;Feliciano Lopez;19;W;61 36 63 762
Novak Djokovic;US Open;Round of 16;Roberto Bautista Agut;23;W;63 46 64 63
Novak Djokovic;US Open;Round of 32;Andreas Seppi;25;W;63 75 75
Novak Djokovic;US Open;Round of 64;Andreas Haider-Maurer;52;W;64 61 62
Novak Djokovic;US Open;Round of 128;Joao Souza;91;W;61 61 61
Novak Djokovic;ATP Masters 1000 Cincinnati;Finals;Roger Federer;3;L;671 36
Novak Djokovic;ATP Masters 1000 Cincinnati;Semi-Finals;Alexandr Dolgopolov;66;W;46 765 62
Novak Djokovic;ATP Masters 1000 Cincinnati;Quarter-Finals;Stan Wawrinka;5;W;64 61
Novak Djokovic;ATP Masters 1000 Cincinnati;Round of 16;David Goffin;14;W;64 26 63
Novak Djokovic;ATP Masters 1000 Cincinnati;Round of 32;Benoit Paire;42;W;75 62
Novak Djokovic;ATP Masters 1000 Cincinnati;Round of 64;Bye;;;
Novak Djokovic;ATP Masters 1000 Canada;Finals;Andy Murray;3;L;46 64 36
Novak Djokovic;ATP Masters 1000 Canada;Semi-Finals;Jeremy Chardy;49;W;64 64
Novak Djokovic;ATP Masters 1000 Canada;Quarter-Finals;Ernests Gulbis;87;W;57 767 61
Novak Djokovic;ATP Masters 1000 Canada;Round of 16;Jack Sock;35;W;62 61
Novak Djokovic;ATP Masters 1000 Canada;Round of 32;Thomaz Bellucci;33;W;63 764
Novak Djokovic;ATP Masters 1000 Canada;Round of 64;Bye;;;
Novak Djokovic;Wimbledon;Finals;Roger Federer;2;W;761 6710 64 63
Novak Djokovic;Wimbledon;Semi-Finals;Richard Gasquet;20;W;762 64 64
Novak Djokovic;Wimbledon;Quarter-Finals;Marin Cilic;9;W;64 64 64
Novak Djokovic;Wimbledon;Round of 16;Kevin Anderson;14;W;676 676 61 64 75
Novak Djokovic;Wimbledon;Round of 32;Bernard Tomic;26;W;63 63 63
Novak Djokovic;Wimbledon;Round of 64;Jarkko Nieminen;92;W;64 62 63
Novak Djokovic;Wimbledon;Round of 128;Philipp Kohlschreiber;33;W;64 64 64
Novak Djokovic;Roland Garros;Finals;Stan Wawrinka;9;L;64 46 36 46
Novak Djokovic;Roland Garros;Semi-Finals;Andy Murray;3;W;63 63 57 57 61
Novak Djokovic;Roland Garros;Quarter-Finals;Rafael Nadal;7;W;75 63 61
Novak Djokovic;Roland Garros;Round of 16;Richard Gasquet;21;W;61 62 63
Novak Djokovic;Roland Garros;Round of 32;Thanasi Kokkinakis;84;W;64 64 64
Novak Djokovic;Roland Garros;Round of 64;Gilles Muller;55;W;61 64 64
Novak Djokovic;Roland Garros;Round of 128;Jarkko Nieminen;87;W;62 75 62
Novak Djokovic;ATP Masters 1000 Rome;Finals;Roger Federer;2;W;64 63
Novak Djokovic;ATP Masters 1000 Rome;Semi-Finals;David Ferrer;8;W;64 64
Novak Djokovic;ATP Masters 1000 Rome;Quarter-Finals;Kei Nishikori;6;W;63 36 61
Novak Djokovic;ATP Masters 1000 Rome;Round of 16;Thomaz Bellucci;68;W;57 62 63
Novak Djokovic;ATP Masters 1000 Rome;Round of 32;Nicolas Almagro;174;W;61 675 63
Novak Djokovic;ATP Masters 1000 Rome;Round of 64;Bye;;;
Novak Djokovic;ATP Masters 1000 Monte Carlo;Finals;Tomas Berdych;8;W;75 46 63
Novak Djokovic;ATP Masters 1000 Monte Carlo;Semi-Finals;Rafael Nadal;5;W;63 63
Novak Djokovic;ATP Masters 1000 Monte Carlo;Quarter-Finals;Marin Cilic;10;W;60 63
Novak Djokovic;ATP Masters 1000 Monte Carlo;Round of 16;Andreas Haider-Maurer;52;W;64 60
Novak Djokovic;ATP Masters 1000 Monte Carlo;Round of 32;Albert Ramos-Vinolas;67;W;61 64
Novak Djokovic;ATP Masters 1000 Monte Carlo;Round of 64;Bye;;;
Novak Djokovic;ATP Masters 1000 Miami;Finals;Andy Murray;4;W;763 46 60
Novak Djokovic;ATP Masters 1000 Miami;Semi-Finals;John Isner;24;W;763 62
Novak Djokovic;ATP Masters 1000 Miami;Quarter-Finals;David Ferrer;7;W;75 75
Novak Djokovic;ATP Masters 1000 Miami;Round of 16;Alexandr Dolgopolov;65;W;673 75 60
Novak Djokovic;ATP Masters 1000 Miami;Round of 32;Steve Darcis;84;W;60 75
Novak Djokovic;ATP Masters 1000 Miami;Round of 64;Martin Klizan;41;W;60 57 61
Novak Djokovic;ATP Masters 1000 Miami;Round of 128;Bye;;;
Novak Djokovic;ATP Masters 1000 Indian Wells;Finals;Roger Federer;2;W;63 675 62
Novak Djokovic;ATP Masters 1000 Indian Wells;Semi-Finals;Andy Murray;4;W;62 63
Novak Djokovic;ATP Masters 1000 Indian Wells;Quarter-Finals;Bernard Tomic;35;W;(W/O)
Novak Djokovic;ATP Masters 1000 Indian Wells;Round of 16;John Isner;20;W;64 765
Novak Djokovic;ATP Masters 1000 Indian Wells;Round of 32;Albert Ramos-Vinolas;68;W;75 63
Novak Djokovic;ATP Masters 1000 Indian Wells;Round of 64;Marcos Baghdatis;61;W;61 63
Novak Djokovic;ATP Masters 1000 Indian Wells;Round of 128;Bye;;;
Novak Djokovic;SRB vs. CRO WG 1st RD;Round Robin;Mate Delic;158;W;63 62 64
Novak Djokovic;Dubai;Finals;Roger Federer;2;L;36 57
Novak Djokovic;Dubai;Semi-Finals;Tomas Berdych;8;W;60 57 64
Novak Djokovic;Dubai;Quarter-Finals;Marsel Ilhan;104;W;61 61
Novak Djokovic;Dubai;Round of 16;Andrey Golubev;107;W;61 62
Novak Djokovic;Dubai;Round of 32;Vasek Pospisil;63;W;64 64
Novak Djokovic;Australian Open;Finals;Andy Murray;6;W;765 674 63 60
Novak Djokovic;Australian Open;Semi-Finals;Stan Wawrinka;4;W;761 36 64 46 60
Novak Djokovic;Australian Open;Quarter-Finals;Milos Raonic;8;W;765 64 62
Novak Djokovic;Australian Open;Round of 16;Gilles Muller;42;W;64 75 75
Novak Djokovic;Australian Open;Round of 32;Fernando Verdasco;33;W;768 63 64
Novak Djokovic;Australian Open;Round of 64;Andrey Kuznetsov;88;W;60 61 64
Novak Djokovic;Australian Open;Round of 128;Aljaz Bedene;116;W;63 62 64
Novak Djokovic;Doha;Quarter-Finals;Ivo Karlovic;27;L;762 676 46
Novak Djokovic;Doha;Round of 16;Sergiy Stakhovsky;57;W;62 61
Novak Djokovic;Doha;Round of 32;Dusan Lajovic;68;W;62 61
Novak Djokovic;ATP Finals;Finals;Roger Federer;2;W;(W/O)
Novak Djokovic;ATP Finals;Semi-Finals;Kei Nishikori;5;W;61 36 60
Novak Djokovic;ATP Finals;Round Robin;Tomas Berdych;7;W;62 62
Novak Djokovic;ATP Finals;Round Robin;Stan Wawrinka;4;W;63 60
Novak Djokovic;ATP Finals;Round Robin;Marin Cilic;9;W;61 61
Novak Djokovic;ATP Masters 1000 Paris;Finals;Milos Raonic;10;W;62 63
Novak Djokovic;ATP Masters 1000 Paris;Semi-Finals;Kei Nishikori;7;W;62 63
Novak Djokovic;ATP Masters 1000 Paris;Quarter-Finals;Andy Murray;8;W;75 62
Novak Djokovic;ATP Masters 1000 Paris;Round of 16;Gael Monfils;21;W;63 762
Novak Djokovic;ATP Masters 1000 Paris;Round of 32;Philipp Kohlschreiber;24;W;63 64
Novak Djokovic;ATP Masters 1000 Paris;Round of 64;Bye;;;
Novak Djokovic;ATP Masters 1000 Shanghai;Semi-Finals;Roger Federer;3;L;46 46
Novak Djokovic;ATP Masters 1000 Shanghai;Quarter-Finals;David Ferrer;5;W;64 62
Novak Djokovic;ATP Masters 1000 Shanghai;Round of 16;Mikhail Kukushkin;85;W;63 46 64
Novak Djokovic;ATP Masters 1000 Shanghai;Round of 32;Dominic Thiem;39;W;63 64
Novak Djokovic;ATP Masters 1000 Shanghai;Round of 64;Bye;;;
Novak Djokovic;Beijing;Finals;Tomas Berdych;6;W;60 62
Novak Djokovic;Beijing;Semi-Finals;Andy Murray;11;W;63 64
Novak Djokovic;Beijing;Quarter-Finals;Grigor Dimitrov;10;W;62 64
Novak Djokovic;Beijing;Round of 16;Vasek Pospisil;41;W;63 75
Novak Djokovic;Beijing;Round of 32;Guillermo Garcia-Lopez;38;W;62 61
Novak Djokovic;US Open;Semi-Finals;Kei Nishikori;11;L;46 61 674 36
Novak Djokovic;US Open;Quarter-Finals;Andy Murray;9;W;761 671 62 64
Novak Djokovic;US Open;Round of 16;Philipp Kohlschreiber;25;W;61 75 64
Novak Djokovic;US Open;Round of 32;Sam Querrey;57;W;63 62 62
Novak Djokovic;US Open;Round of 64;Paul-Henri Mathieu;81;W;61 63 60
Novak Djokovic;US Open;Round of 128;Diego Schwartzman;79;W;61 62 64
Novak Djokovic;ATP Masters 1000 Cincinnati;Round of 16;Tommy Robredo;20;L;676 57
Novak Djokovic;ATP Masters 1000 Cincinnati;Round of 32;Gilles Simon;31;W;63 46 64
Novak Djokovic;ATP Masters 1000 Cincinnati;Round of 64;Bye;;;
Novak Djokovic;ATP Masters 1000 Canada;Round of 16;Jo-Wilfried Tsonga;15;L;26 26
Novak Djokovic;ATP Masters 1000 Canada;Round of 32;Gael Monfils;22;W;62 674 762
Novak Djokovic;ATP Masters 1000 Canada;Round of 64;Bye;;;
Novak Djokovic;Wimbledon;Finals;Roger Federer;4;W;677 64 764 57 64
Novak Djokovic;Wimbledon;Semi-Finals;Grigor Dimitrov;13;W;64 36 762 767
Novak Djokovic;Wimbledon;Quarter-Finals;Marin Cilic;29;W;61 36 674 62 62
Novak Djokovic;Wimbledon;Round of 16;Jo-Wilfried Tsonga;17;W;63 64 765
Novak Djokovic;Wimbledon;Round of 32;Gilles Simon;44;W;64 62 64
Novak Djokovic;Wimbledon;Round of 64;Radek Stepanek;38;W;64 63 675 765
Novak Djokovic;Wimbledon;Round of 128;Andrey Golubev;56;W;60 61 64
Novak Djokovic;Roland Garros;Finals;Rafael Nadal;1;L;63 57 26 46
Novak Djokovic;Roland Garros;Semi-Finals;Ernests Gulbis;17;W;63 63 36 63
Novak Djokovic;Roland Garros;Quarter-Finals;Milos Raonic;9;W;75 765 64
Novak Djokovic;Roland Garros;Round of 16;Jo-Wilfried Tsonga;14;W;61 64 61
Novak Djokovic;Roland Garros;Round of 32;Marin Cilic;26;W;63 62 672 64
Novak Djokovic;Roland Garros;Round of 64;Jeremy Chardy;42;W;61 64 62
Novak Djokovic;Roland Garros;Round of 128;Joao Sousa;44;W;61 62 64
Novak Djokovic;ATP Masters 1000 Rome;Finals;Rafael Nadal;1;W;46 63 63
Novak Djokovic;ATP Masters 1000 Rome;Semi-Finals;Milos Raonic;10;W;675 764 63
Novak Djokovic;ATP Masters 1000 Rome;Quarter-Finals;David Ferrer;5;W;75 46 63
Novak Djokovic;ATP Masters 1000 Rome;Round of 16;Philipp Kohlschreiber;29;W;46 62 61
Novak Djokovic;ATP Masters 1000 Rome;Round of 32;Radek Stepanek;43;W;63 75
Novak Djokovic;ATP Masters 1000 Rome;Round of 64;Bye;;;
Novak Djokovic;ATP Masters 1000 Monte Carlo;Semi-Finals;Roger Federer;4;L;57 26
Novak Djokovic;ATP Masters 1000 Monte Carlo;Quarter-Finals;Guillermo Garcia-Lopez;38;W;46 63 61
Novak Djokovic;ATP Masters 1000 Monte Carlo;Round of 16;Pablo Carreno Busta;62;W;60 61
Novak Djokovic;ATP Masters 1000 Monte Carlo;Round of 32;Albert Montanes;57;W;61 60
Novak Djokovic;ATP Masters 1000 Monte Carlo;Round of 64;Bye;;;
Novak Djokovic;ATP Masters 1000 Miami;Finals;Rafael Nadal;1;W;63 63
Novak Djokovic;ATP Masters 1000 Miami;Semi-Finals;Kei Nishikori;21;W;(W/O)
Novak Djokovic;ATP Masters 1000 Miami;Quarter-Finals;Andy Murray;6;W;75 63
Novak Djokovic;ATP Masters 1000 Miami;Round of 16;Tommy Robredo;17;W;63 75
Novak Djokovic;ATP Masters 1000 Miami;Round of 32;Florian Mayer;32;W;(W/O)
Novak Djokovic;ATP Masters 1000 Miami;Round of 64;Jeremy Chardy;48;W;64 63
Novak Djokovic;ATP Masters 1000 Miami;Round of 128;Bye;;;
Novak Djokovic;ATP Masters 1000 Indian Wells;Finals;Roger Federer;8;W;36 63 763
Novak Djokovic;ATP Masters 1000 Indian Wells;Semi-Finals;John Isner;13;W;75 672 61
Novak Djokovic;ATP Masters 1000 Indian Wells;Quarter-Finals;Julien Benneteau;65;W;61 63
Novak Djokovic;ATP Masters 1000 Indian Wells;Round of 16;Marin Cilic;26;W;16 62 63
Novak Djokovic;ATP Masters 1000 Indian Wells;Round of 32;Alejandro Gonzalez;91;W;61 36 61
Novak Djokovic;ATP Masters 1000 Indian Wells;Round of 64;Victor Hanescu;87;W;761 62
Novak Djokovic;ATP Masters 1000 Indian Wells;Round of 128;Bye;;;
Novak Djokovic;Dubai;Semi-Finals;Roger Federer;8;L;63 36 26
Novak Djokovic;Dubai;Quarter-Finals;Mikhail Youzhny;15;W;(W/O)
Novak Djokovic;Dubai;Round of 16;Roberto Bautista Agut;51;W;61 63
Novak Djokovic;Dubai;Round of 32;Denis Istomin;54;W;63 63
Novak Djokovic;Australian Open;Quarter-Finals;Stan Wawrinka;8;L;62 46 26 63 79
Novak Djokovic;Australian Open;Round of 16;Fabio Fognini;16;W;63 60 62
Novak Djokovic;Australian Open;Round of 32;Denis Istomin;49;W;63 63 75
Novak Djokovic;Australian Open;Round of 64;Leonardo Mayer;98;W;60 64 64
Novak Djokovic;Australian Open;Round of 128;Lukas Lacko;96;W;63 762 61
Novak Djokovic;SRB vs.CZE DC Final;Round Robin;Tomas Berdych;7;W;64 765 62
Novak Djokovic;SRB vs.CZE DC Final;Round Robin;Radek Stepanek;44;W;75 61 64
Novak Djokovic;ATP Finals;Finals;Rafael Nadal;1;W;63 64
Novak Djokovic;ATP Finals;Semi-Finals;Stan Wawrinka;8;W;63 63
Novak Djokovic;ATP Finals;Round Robin;Richard Gasquet;9;W;765 46 63
Novak Djokovic;ATP Finals;Round Robin;Juan Martin del Potro;5;W;63 36 63
Novak Djokovic;ATP Finals;Round Robin;Roger Federer;7;W;64 672 62
Novak Djokovic;ATP Masters 1000 Paris;Finals;David Ferrer;3;W;75 75
Novak Djokovic;ATP Masters 1000 Paris;Semi-Finals;Roger Federer;6;W;46 63 62
Novak Djokovic;ATP Masters 1000 Paris;Quarter-Finals;Stan Wawrinka;8;W;61 64
Novak Djokovic;ATP Masters 1000 Paris;Round of 16;John Isner;16;W;675 61 62
Novak Djokovic;ATP Masters 1000 Paris;Round of 32;Pierre-Hugues Herbert;189;W;763 63
Novak Djokovic;ATP Masters 1000 Paris;Round of 64;Bye;;;
Novak Djokovic;ATP Masters 1000 Shanghai;Finals;Juan Martin del Potro;5;W;61 36 763
Novak Djokovic;ATP Masters 1000 Shanghai;Semi-Finals;Jo-Wilfried Tsonga;9;W;62 75
Novak Djokovic;ATP Masters 1000 Shanghai;Quarter-Finals;Gael Monfils;42;W;674 62 64
Novak Djokovic;ATP Masters 1000 Shanghai;Round of 16;Fabio Fognini;17;W;63 63
Novak Djokovic;ATP Masters 1000 Shanghai;Round of 32;Marcel Granollers;36;W;62 60
Novak Djokovic;ATP Masters 1000 Shanghai;Round of 64;Bye;;;
Novak Djokovic;Beijing;Finals;Rafael Nadal;2;W;63 64
Novak Djokovic;Beijing;Semi-Finals;Richard Gasquet;10;W;64 62
Novak Djokovic;Beijing;Quarter-Finals;Sam Querrey;30;W;61 62
Novak Djokovic;Beijing;Round of 16;Fernando Verdasco;31;W;75 26 62
Novak Djokovic;Beijing;Round of 32;Lukas Rosol;46;W;60 63
Novak Djokovic;SRB vs.CAN WG SF;Round Robin;Milos Raonic;11;W;761 62 62
Novak Djokovic;SRB vs.CAN WG SF;Round Robin;Vasek Pospisil;41;W;62 60 64
Novak Djokovic;US Open;Finals;Rafael Nadal;2;L;26 63 46 16
Novak Djokovic;US Open;Semi-Finals;Stan Wawrinka;10;W;26 764 36 63 64
Novak Djokovic;US Open;Quarter-Finals;Mikhail Youzhny;24;W;63 62 36 60
Novak Djokovic;US Open;Round of 16;Marcel Granollers;43;W;63 60 60
Novak Djokovic;US Open;Round of 32;Joao Sousa;95;W;60 62 62
Novak Djokovic;US Open;Round of 64;Benjamin Becker;87;W;762 62 62
Novak Djokovic;US Open;Round of 128;Ricardas Berankis;112;W;61 62 62
Novak Djokovic;ATP Masters 1000 Cincinnati;Quarter-Finals;John Isner;22;L;675 63 57
Novak Djokovic;ATP Masters 1000 Cincinnati;Round of 16;David Goffin;80;W;62 60
Novak Djokovic;ATP Masters 1000 Cincinnati;Round of 32;Juan Monaco;32;W;75 62
Novak Djokovic;ATP Masters 1000 Cincinnati;Round of 64;Bye;;;
Novak Djokovic;ATP Masters 1000 Canada;Semi-Finals;Rafael Nadal;4;L;46 63 672
Novak Djokovic;ATP Masters 1000 Canada;Quarter-Finals;Richard Gasquet;9;W;61 62
Novak Djokovic;ATP Masters 1000 Canada;Round of 16;Denis Istomin;66;W;26 64 64
Novak Djokovic;ATP Masters 1000 Canada;Round of 32;Florian Mayer;50;W;62 61
Novak Djokovic;ATP Masters 1000 Canada;Round of 64;Bye;;;
Novak Djokovic;Wimbledon;Finals;Andy Murray;2;L;46 57 46
Novak Djokovic;Wimbledon;Semi-Finals;Juan Martin del Potro;8;W;75 46 762 676 63
Novak Djokovic;Wimbledon;Quarter-Finals;Tomas Berdych;6;W;765 64 63
Novak Djokovic;Wimbledon;Round of 16;Tommy Haas;13;W;61 64 764
Novak Djokovic;Wimbledon;Round of 32;Jeremy Chardy;25;W;63 62 62
Novak Djokovic;Wimbledon;Round of 64;Bobby Reynolds;156;W;762 63 61
Novak Djokovic;Wimbledon;Round of 128;Florian Mayer;34;W;63 75 64
Novak Djokovic;Roland Garros;Semi-Finals;Rafael Nadal;4;L;46 63 16 763 79
Novak Djokovic;Roland Garros;Quarter-Finals;Tommy Haas;14;W;63 765 75
Novak Djokovic;Roland Garros;Round of 16;Philipp Kohlschreiber;19;W;46 63 64 64
Novak Djokovic;Roland Garros;Round of 32;Grigor Dimitrov;28;W;62 62 63
Novak Djokovic;Roland Garros;Round of 64;Guido Pella;83;W;62 60 62
Novak Djokovic;Roland Garros;Round of 128;David Goffin;58;W;765 64 75
Novak Djokovic;ATP Masters 1000 Rome;Quarter-Finals;Tomas Berdych;6;L;62 57 46
Novak Djokovic;ATP Masters 1000 Rome;Round of 16;Alexandr Dolgopolov;23;W;61 64
Novak Djokovic;ATP Masters 1000 Rome;Round of 32;Albert Montanes;89;W;62 63
Novak Djokovic;ATP Masters 1000 Rome;Round of 64;Bye;;;
Novak Djokovic;ATP Masters 1000 Madrid;Round of 32;Grigor Dimitrov;28;L;676 768 36
Novak Djokovic;ATP Masters 1000 Madrid;Round of 64;Bye;;;
Novak Djokovic;ATP Masters 1000 Monte Carlo;Finals;Rafael Nadal;5;W;62 761
Novak Djokovic;ATP Masters 1000 Monte Carlo;Semi-Finals;Fabio Fognini;32;W;62 61
Novak Djokovic;ATP Masters 1000 Monte Carlo;Quarter-Finals;Jarkko Nieminen;49;W;64 63
Novak Djokovic;ATP Masters 1000 Monte Carlo;Round of 16;Juan Monaco;20;W;46 62 62
Novak Djokovic;ATP Masters 1000 Monte Carlo;Round of 32;Mikhail Youzhny;27;W;46 61 64
Novak Djokovic;ATP Masters 1000 Monte Carlo;Round of 64;Bye;;;
Novak Djokovic;USA vs. SRB WG QF;Round Robin;Sam Querrey;20;W;75 674 61 60
Novak Djokovic;USA vs. SRB WG QF;Round Robin;John Isner;23;W;765 62 75
Novak Djokovic;ATP Masters 1000 Miami;Round of 16;Tommy Haas;18;L;26 46
Novak Djokovic;ATP Masters 1000 Miami;Round of 32;Somdev Devvarman;254;W;62 64
Novak Djokovic;ATP Masters 1000 Miami;Round of 64;Lukas Rosol;64;W;61 60
Novak Djokovic;ATP Masters 1000 Miami;Round of 128;Bye;;;
Novak Djokovic;ATP Masters 1000 Indian Wells;Semi-Finals;Juan Martin del Potro;7;L;64 46 46
Novak Djokovic;ATP Masters 1000 Indian Wells;Quarter-Finals;Jo-Wilfried Tsonga;8;W;63 61
Novak Djokovic;ATP Masters 1000 Indian Wells;Round of 16;Sam Querrey;23;W;60 766
Novak Djokovic;ATP Masters 1000 Indian Wells;Round of 32;Grigor Dimitrov;31;W;764 61
Novak Djokovic;ATP Masters 1000 Indian Wells;Round of 64;Fabio Fognini;36;W;60 57 62
Novak Djokovic;ATP Masters 1000 Indian Wells;Round of 128;Bye;;;
Novak Djokovic;Dubai;Finals;Tomas Berdych;6;W;75 63
Novak Djokovic;Dubai;Semi-Finals;Juan Martin del Potro;7;W;63 764
Novak Djokovic;Dubai;Quarter-Finals;Andreas Seppi;20;W;60 63
Novak Djokovic;Dubai;Round of 16;Roberto Bautista Agut;55;W;61 764
Novak Djokovic;Dubai;Round of 32;Viktor Troicki;44;W;61 64
Novak Djokovic;BEL vs. SRB WG 1st RD;Round Robin;Olivier Rochus;127;W;63 62 62
Novak Djokovic;Australian Open;Finals;Andy Murray;3;W;672 763 63 62
Novak Djokovic;Australian Open;Semi-Finals;David Ferrer;5;W;62 62 61
Novak Djokovic;Australian Open;Quarter-Finals;Tomas Berdych;6;W;61 46 61 64
Novak Djokovic;Australian Open;Round of 16;Stan Wawrinka;17;W;16 75 64 675 12-10
Novak Djokovic;Australian Open;Round of 32;Radek Stepanek;34;W;64 63 75
Novak Djokovic;Australian Open;Round of 64;Ryan Harrison;62;W;61 62 63
Novak Djokovic;Australian Open;Round of 128;Paul-Henri Mathieu;60;W;62 64 75
Novak Djokovic;ATP Finals;Finals;Roger Federer;2;W;766 75
Novak Djokovic;ATP Finals;Semi-Finals;Juan Martin del Potro;7;W;46 63 62
Novak Djokovic;ATP Finals;Round Robin;Tomas Berdych;6;W;62 766
Novak Djokovic;ATP Finals;Round Robin;Andy Murray;3;W;46 63 75
Novak Djokovic;ATP Finals;Round Robin;Jo-Wilfried Tsonga;8;W;764 63
Novak Djokovic;ATP Masters 1000 Paris;Round of 32;Sam Querrey;23;L;60 675 46
Novak Djokovic;ATP Masters 1000 Paris;Round of 64;Bye;;;
Novak Djokovic;ATP Masters 1000 Shanghai;Finals;Andy Murray;3;W;57 7611 63
Novak Djokovic;ATP Masters 1000 Shanghai;Semi-Finals;Tomas Berdych;7;W;63 64
Novak Djokovic;ATP Masters 1000 Shanghai;Quarter-Finals;Tommy Haas;21;W;63 63
Novak Djokovic;ATP Masters 1000 Shanghai;Round of 16;Feliciano Lopez;29;W;63 63
Novak Djokovic;ATP Masters 1000 Shanghai;Round of 32;Grigor Dimitrov;56;W;63 62
Novak Djokovic;ATP Masters 1000 Shanghai;Round of 64;Bye;;;
Novak Djokovic;Beijing;Finals;Jo-Wilfried Tsonga;7;W;764 62
Novak Djokovic;Beijing;Semi-Finals;Florian Mayer;29;W;61 64
Novak Djokovic;Beijing;Quarter-Finals;Jurgen Melzer;37;W;61 62
Novak Djokovic;Beijing;Round of 16;Carlos Berlocq;50;W;61 63
Novak Djokovic;Beijing;Round of 32;Michael Berrer;123;W;61 673 62
Novak Djokovic;US Open;Finals;Andy Murray;4;L;6710 57 62 63 26
Novak Djokovic;US Open;Semi-Finals;David Ferrer;5;W;26 61 64 62
Novak Djokovic;US Open;Quarter-Finals;Juan Martin del Potro;8;W;62 763 64
Novak Djokovic;US Open;Round of 16;Stan Wawrinka;19;W;64 61 31 (RET)
Novak Djokovic;US Open;Round of 32;Julien Benneteau;35;W;63 62 62
Novak Djokovic;US Open;Round of 64;Rogerio Dutra Silva;112;W;62 61 62
Novak Djokovic;US Open;Round of 128;Paolo Lorenzi;69;W;61 60 61
Novak Djokovic;ATP Masters 1000 Cincinnati;Finals;Roger Federer;1;L;06 677
Novak Djokovic;ATP Masters 1000 Cincinnati;Semi-Finals;Juan Martin del Potro;9;W;63 62
Novak Djokovic;ATP Masters 1000 Cincinnati;Quarter-Finals;Marin Cilic;15;W;63 62
Novak Djokovic;ATP Masters 1000 Cincinnati;Round of 16;Nikolay Davydenko;50;W;60 (RET)
Novak Djokovic;ATP Masters 1000 Cincinnati;Round of 32;Andreas Seppi;27;W;764 62
Novak Djokovic;ATP Masters 1000 Cincinnati;Round of 64;Bye;;;
Novak Djokovic;ATP Masters 1000 Canada;Finals;Richard Gasquet;21;W;63 62
Novak Djokovic;ATP Masters 1000 Canada;Semi-Finals;Janko Tipsarevic;9;W;64 61
Novak Djokovic;ATP Masters 1000 Canada;Quarter-Finals;Tommy Haas;25;W;63 36 63
Novak Djokovic;ATP Masters 1000 Canada;Round of 16;Sam Querrey;35;W;64 64
Novak Djokovic;ATP Masters 1000 Canada;Round of 32;Bernard Tomic;49;W;62 63
Novak Djokovic;ATP Masters 1000 Canada;Round of 64;Bye;;;
Novak Djokovic;London Olympics;Olympic Bronze;Juan Martin del Potro;9;L;57 46
Novak Djokovic;London Olympics;Semi-Finals;Andy Murray;4;L;57 57
Novak Djokovic;London Olympics;Quarter-Finals;Jo-Wilfried Tsonga;6;W;61 75
Novak Djokovic;London Olympics;Round of 16;Lleyton Hewitt;159;W;46 75 61
Novak Djokovic;London Olympics;Round of 32;Andy Roddick;21;W;62 61
Novak Djokovic;London Olympics;Round of 64;Fabio Fognini;66;W;677 62 62
Novak Djokovic;Wimbledon;Semi-Finals;Roger Federer;3;L;36 63 46 36
Novak Djokovic;Wimbledon;Quarter-Finals;Florian Mayer;29;W;64 61 64
Novak Djokovic;Wimbledon;Round of 16;Viktor Troicki;34;W;63 61 63
Novak Djokovic;Wimbledon;Round of 32;Radek Stepanek;27;W;46 62 62 62
Novak Djokovic;Wimbledon;Round of 64;Ryan Harrison;48;W;64 64 64
Novak Djokovic;Wimbledon;Round of 128;Juan Carlos Ferrero;38;W;63 63 61
Novak Djokovic;Roland Garros;Finals;Rafael Nadal;2;L;46 36 62 57
Novak Djokovic;Roland Garros;Semi-Finals;Roger Federer;3;W;64 75 63
Novak Djokovic;Roland Garros;Quarter-Finals;Jo-Wilfried Tsonga;5;W;61 57 57 766 61
Novak Djokovic;Roland Garros;Round of 16;Andreas Seppi;25;W;46 675 63 75 63
Novak Djokovic;Roland Garros;Round of 32;Nicolas Devilder;286;W;61 62 62
Novak Djokovic;Roland Garros;Round of 64;Blaz Kavcic;99;W;60 64 64
Novak Djokovic;Roland Garros;Round of 128;Potito Starace;97;W;763 63 61
Novak Djokovic;ATP Masters 1000 Rome;Finals;Rafael Nadal;3;L;57 36
Novak Djokovic;ATP Masters 1000 Rome;Semi-Finals;Roger Federer;2;W;62 764
Novak Djokovic;ATP Masters 1000 Rome;Quarter-Finals;Jo-Wilfried Tsonga;5;W;75 61
Novak Djokovic;ATP Masters 1000 Rome;Round of 16;Juan Monaco;15;W;46 62 63
Novak Djokovic;ATP Masters 1000 Rome;Round of 32;Bernard Tomic;32;W;63 63
Novak Djokovic;ATP Masters 1000 Rome;Round of 64;Bye;;;
Novak Djokovic;ATP Masters 1000 Madrid;Quarter-Finals;Janko Tipsarevic;8;L;672 36
Novak Djokovic;ATP Masters 1000 Madrid;Round of 16;Stan Wawrinka;21;W;765 64
Novak Djokovic;ATP Masters 1000 Madrid;Round of 32;Daniel Gimeno-Traver;137;W;62 26 63
Novak Djokovic;ATP Masters 1000 Madrid;Round of 64;Bye;;;
Novak Djokovic;ATP Masters 1000 Monte Carlo;Finals;Rafael Nadal;2;L;36 16
Novak Djokovic;ATP Masters 1000 Monte Carlo;Semi-Finals;Tomas Berdych;7;W;46 63 62
Novak Djokovic;ATP Masters 1000 Monte Carlo;Quarter-Finals;Robin Haase;55;W;64 62
Novak Djokovic;ATP Masters 1000 Monte Carlo;Round of 16;Alexandr Dolgopolov;21;W;26 61 64
Novak Djokovic;ATP Masters 1000 Monte Carlo;Round of 32;Andreas Seppi;44;W;61 64
Novak Djokovic;ATP Masters 1000 Monte Carlo;Round of 64;Bye;;;
Novak Djokovic;ATP Masters 1000 Miami;Finals;Andy Murray;4;W;61 764
Novak Djokovic;ATP Masters 1000 Miami;Semi-Finals;Juan Monaco;21;W;60 765
Novak Djokovic;ATP Masters 1000 Miami;Quarter-Finals;David Ferrer;5;W;62 761
Novak Djokovic;ATP Masters 1000 Miami;Round of 16;Richard Gasquet;17;W;75 63
Novak Djokovic;ATP Masters 1000 Miami;Round of 32;Viktor Troicki;27;W;63 64
Novak Djokovic;ATP Masters 1000 Miami;Round of 64;Marcos Baghdatis;42;W;64 64
Novak Djokovic;ATP Masters 1000 Miami;Round of 128;Bye;;;
Novak Djokovic;ATP Masters 1000 Indian Wells;Semi-Finals;John Isner;11;L;677 63 675
Novak Djokovic;ATP Masters 1000 Indian Wells;Quarter-Finals;Nicolas Almagro;12;W;63 64
Novak Djokovic;ATP Masters 1000 Indian Wells;Round of 16;Pablo Andujar;45;W;60 675 62
Novak Djokovic;ATP Masters 1000 Indian Wells;Round of 32;Kevin Anderson;30;W;62 63
Novak Djokovic;ATP Masters 1000 Indian Wells;Round of 64;Andrey Golubev;145;W;63 62
Novak Djokovic;ATP Masters 1000 Indian Wells;Round of 128;Bye;;;
Novak Djokovic;Dubai;Semi-Finals;Andy Murray;4;L;26 57
Novak Djokovic;Dubai;Quarter-Finals;Janko Tipsarevic;9;W;61 766
Novak Djokovic;Dubai;Round of 16;Sergiy Stakhovsky;74;W;765 63
Novak Djokovic;Dubai;Round of 32;Cedrik-Marcel Stebe;72;W;64 62
Novak Djokovic;Australian Open;Finals;Rafael Nadal;2;W;57 64 62 675 75
Novak Djokovic;Australian Open;Semi-Finals;Andy Murray;4;W;63 36 674 61 75
Novak Djokovic;Australian Open;Quarter-Finals;David Ferrer;5;W;64 764 61
Novak Djokovic;Australian Open;Round of 16;Lleyton Hewitt;181;W;61 63 46 63
Novak Djokovic;Australian Open;Round of 32;Nicolas Mahut;81;W;60 61 61
Novak Djokovic;Australian Open;Round of 64;Santiago Giraldo;56;W;63 62 61
Novak Djokovic;Australian Open;Round of 128;Paolo Lorenzi;109;W;62 60 60
Novak Djokovic;ATP Finals;Round Robin;Janko Tipsarevic;9;L;63 36 36
Novak Djokovic;ATP Finals;Round Robin;David Ferrer;5;L;36 16
Novak Djokovic;ATP Finals;Round Robin;Tomas Berdych;7;W;36 63 763
Novak Djokovic;ATP Masters 1000 Paris;Quarter-Finals;Jo-Wilfried Tsonga;8;L;(W/O)
Novak Djokovic;ATP Masters 1000 Paris;Round of 16;Viktor Troicki;19;W;46 63 61
Novak Djokovic;ATP Masters 1000 Paris;Round of 32;Ivan Dodig;39;W;64 63
Novak Djokovic;ATP Masters 1000 Paris;Round of 64;Bye;;;
Novak Djokovic;Basel;Semi-Finals;Kei Nishikori;32;L;62 674 06
Novak Djokovic;Basel;Quarter-Finals;Marcos Baghdatis;59;W;26 62 63
Novak Djokovic;Basel;Round of 16;Lukasz Kubot;64;W;61 62
Novak Djokovic;Basel;Round of 32;Xavier Malisse;47;W;62 46 75
Novak Djokovic;SRB vs. ARG WG SF;Round Robin;Juan Martin del Potro;17;L;67 03 (RET)
Novak Djokovic;US Open;Finals;Rafael Nadal;2;W;62 64 673 61
Novak Djokovic;US Open;Semi-Finals;Roger Federer;3;W;677 46 63 62 75
Novak Djokovic;US Open;Quarter-Finals;Janko Tipsarevic;20;W;762 673 60 30 (RET)
Novak Djokovic;US Open;Round of 16;Alexandr Dolgopolov;23;W;7614 64 62
Novak Djokovic;US Open;Round of 32;Nikolay Davydenko;39;W;63 64 62
Novak Djokovic;US Open;Round of 64;Carlos Berlocq;74;W;60 60 62
Novak Djokovic;US Open;Round of 128;Conor Niland;197;W;60 51 (RET)
Novak Djokovic;ATP Masters 1000 Cincinnati;Finals;Andy Murray;4;L;46 03 (RET)
Novak Djokovic;ATP Masters 1000 Cincinnati;Semi-Finals;Tomas Berdych;9;W;75 (RET)
Novak Djokovic;ATP Masters 1000 Cincinnati;Quarter-Finals;Gael Monfils;8;W;36 64 63
Novak Djokovic;ATP Masters 1000 Cincinnati;Round of 16;Radek Stepanek;29;W;63 63
Novak Djokovic;ATP Masters 1000 Cincinnati;Round of 32;Ryan Harrison;78;W;62 63
Novak Djokovic;ATP Masters 1000 Cincinnati;Round of 64;Bye;;;
Novak Djokovic;ATP Masters 1000 Canada;Finals;Mardy Fish;8;W;62 36 64
Novak Djokovic;ATP Masters 1000 Canada;Semi-Finals;Jo-Wilfried Tsonga;16;W;64 30 (RET)
Novak Djokovic;ATP Masters 1000 Canada;Quarter-Finals;Gael Monfils;7;W;62 61
Novak Djokovic;ATP Masters 1000 Canada;Round of 16;Marin Cilic;29;W;75 62
Novak Djokovic;ATP Masters 1000 Canada;Round of 32;Nikolay Davydenko;30;W;75 61
Novak Djokovic;ATP Masters 1000 Canada;Round of 64;Bye;;;
Novak Djokovic;Wimbledon;Finals;Rafael Nadal;1;W;64 61 16 63
Novak Djokovic;Wimbledon;Semi-Finals;Jo-Wilfried Tsonga;19;W;764 62 679 63
Novak Djokovic;Wimbledon;Quarter-Finals;Bernard Tomic;158;W;62 36 63 75
Novak Djokovic;Wimbledon;Round of 16;Michael Llodra;35;W;63 63 63
Novak Djokovic;Wimbledon;Round of 32;Marcos Baghdatis;30;W;64 46 63 64
Novak Djokovic;Wimbledon;Round of 64;Kevin Anderson;36;W;63 64 62
Novak Djokovic;Wimbledon;Round of 128;Jeremy Chardy;54;W;64 61 61
Novak Djokovic;Roland Garros;Semi-Finals;Roger Federer;3;L;675 36 63 675
Novak Djokovic;Roland Garros;Quarter-Finals;Fabio Fognini;49;W;(W/O)
Novak Djokovic;Roland Garros;Round of 16;Richard Gasquet;16;W;64 64 62
Novak Djokovic;Roland Garros;Round of 32;Juan Martin del Potro;26;W;63 36 63 62
Novak Djokovic;Roland Garros;Round of 64;Victor Hanescu;60;W;64 61 23 (RET)
Novak Djokovic;Roland Garros;Round of 128;Thiemo de Bakker;71;W;62 61 63
Novak Djokovic;ATP Masters 1000 Rome;Finals;Rafael Nadal;1;W;64 64
Novak Djokovic;ATP Masters 1000 Rome;Semi-Finals;Andy Murray;4;W;61 36 762
Novak Djokovic;ATP Masters 1000 Rome;Quarter-Finals;Robin Soderling;5;W;63 60
Novak Djokovic;ATP Masters 1000 Rome;Round of 16;Stan Wawrinka;14;W;64 61
Novak Djokovic;ATP Masters 1000 Rome;Round of 32;Lukasz Kubot;141;W;60 63
Novak Djokovic;ATP Masters 1000 Rome;Round of 64;Bye;;;
Novak Djokovic;ATP Masters 1000 Madrid;Finals;Rafael Nadal;1;W;75 64
Novak Djokovic;ATP Masters 1000 Madrid;Semi-Finals;Thomaz Bellucci;36;W;46 64 61
Novak Djokovic;ATP Masters 1000 Madrid;Quarter-Finals;David Ferrer;6;W;64 46 63
Novak Djokovic;ATP Masters 1000 Madrid;Round of 16;Guillermo Garcia-Lopez;29;W;61 62
Novak Djokovic;ATP Masters 1000 Madrid;Round of 32;Kevin Anderson;35;W;63 64
Novak Djokovic;ATP Masters 1000 Madrid;Round of 64;Bye;;;
Novak Djokovic;Belgrade;Finals;Feliciano Lopez;37;W;764 62
Novak Djokovic;Belgrade;Semi-Finals;Janko Tipsarevic;36;W;(W/O)
Novak Djokovic;Belgrade;Quarter-Finals;Blaz Kavcic;85;W;63 62
Novak Djokovic;Belgrade;Round of 16;Adrian Ungur;175;W;62 63
Novak Djokovic;Belgrade;Round of 32;Bye;;;
Novak Djokovic;ATP Masters 1000 Miami;Finals;Rafael Nadal;1;W;46 63 764
Novak Djokovic;ATP Masters 1000 Miami;Semi-Finals;Mardy Fish;15;W;63 61
Novak Djokovic;ATP Masters 1000 Miami;Quarter-Finals;Kevin Anderson;40;W;64 62
Novak Djokovic;ATP Masters 1000 Miami;Round of 16;Viktor Troicki;17;W;63 62
Novak Djokovic;ATP Masters 1000 Miami;Round of 32;James Blake;173;W;62 60
Novak Djokovic;ATP Masters 1000 Miami;Round of 64;Denis Istomin;54;W;60 61
Novak Djokovic;ATP Masters 1000 Miami;Round of 128;Bye;;;
Novak Djokovic;ATP Masters 1000 Indian Wells;Finals;Rafael Nadal;1;W;46 63 62
Novak Djokovic;ATP Masters 1000 Indian Wells;Semi-Finals;Roger Federer;2;W;63 36 62
Novak Djokovic;ATP Masters 1000 Indian Wells;Quarter-Finals;Richard Gasquet;21;W;62 64
Novak Djokovic;ATP Masters 1000 Indian Wells;Round of 16;Viktor Troicki;18;W;60 61
Novak Djokovic;ATP Masters 1000 Indian Wells;Round of 32;Ernests Gulbis;34;W;60 61
Novak Djokovic;ATP Masters 1000 Indian Wells;Round of 64;Andrey Golubev;39;W;60 64
Novak Djokovic;ATP Masters 1000 Indian Wells;Round of 128;Bye;;;
Novak Djokovic;Dubai;Finals;Roger Federer;2;W;63 63
Novak Djokovic;Dubai;Semi-Finals;Tomas Berdych;7;W;675 62 42 (RET)
Novak Djokovic;Dubai;Quarter-Finals;Florian Mayer;38;W;75 61
Novak Djokovic;Dubai;Round of 16;Feliciano Lopez;41;W;63 26 64
Novak Djokovic;Dubai;Round of 32;Michael Llodra;27;W;63 63
Novak Djokovic;Australian Open;Finals;Andy Murray;5;W;64 62 63
Novak Djokovic;Australian Open;Semi-Finals;Roger Federer;2;W;763 75 64
Novak Djokovic;Australian Open;Quarter-Finals;Tomas Berdych;6;W;61 765 61
Novak Djokovic;Australian Open;Round of 16;Nicolas Almagro;14;W;63 64 60
Novak Djokovic;Australian Open;Round of 32;Viktor Troicki;27;W;62 (RET)
Novak Djokovic;Australian Open;Round of 64;Ivan Dodig;81;W;75 678 60 62
Novak Djokovic;Australian Open;Round of 128;Marcel Granollers;42;W;61 63 61
Novak Djokovic;SRB vs. FRA DC Final;Round Robin;Gael Monfils;12;W;62 62 64
Novak Djokovic;SRB vs. FRA DC Final;Round Robin;Gilles Simon;42;W;63 61 75
Novak Djokovic;ATP Finals;Semi-Finals;Roger Federer;2;L;16 46
Novak Djokovic;ATP Finals;Round Robin;Andy Roddick;8;W;62 63
Novak Djokovic;ATP Finals;Round Robin;Rafael Nadal;1;L;57 26
Novak Djokovic;ATP Finals;Round Robin;Tomas Berdych;6;W;63 63
Novak Djokovic;ATP Masters 1000 Paris;Round of 16;Michael Llodra;34;L;676 26
Novak Djokovic;ATP Masters 1000 Paris;Round of 32;Juan Monaco;24;W;64 63
Novak Djokovic;ATP Masters 1000 Paris;Round of 64;Bye;;;
Novak Djokovic;Basel;Finals;Roger Federer;2;L;46 63 16
Novak Djokovic;Basel;Semi-Finals;Viktor Troicki;32;W;764 64
Novak Djokovic;Basel;Quarter-Finals;Robin Haase;66;W;62 63
Novak Djokovic;Basel;Round of 16;Jarkko Nieminen;41;W;64 766
Novak Djokovic;Basel;Round of 32;Ernests Gulbis;26;W;64 62
Novak Djokovic;ATP Masters 1000 Shanghai;Semi-Finals;Roger Federer;3;L;57 46
Novak Djokovic;ATP Masters 1000 Shanghai;Quarter-Finals;Guillermo Garcia-Lopez;35;W;62 63
Novak Djokovic;ATP Masters 1000 Shanghai;Round of 16;Richard Gasquet;31;W;61 61
Novak Djokovic;ATP Masters 1000 Shanghai;Round of 32;Ivan Ljubicic;17;W;63 63
Novak Djokovic;ATP Masters 1000 Shanghai;Round of 64;Bye;;;
Novak Djokovic;Beijing;Finals;David Ferrer;11;W;62 64
Novak Djokovic;Beijing;Semi-Finals;John Isner;22;W;761 62
Novak Djokovic;Beijing;Quarter-Finals;Gilles Simon;43;W;63 62
Novak Djokovic;Beijing;Round of 16;Mardy Fish;19;W;(W/O)
Novak Djokovic;Beijing;Round of 32;Mao-Xin Gong;356;W;61 63
Novak Djokovic;SRB vs. CZE WG SF;Round Robin;Tomas Berdych;7;W;46 63 62 64
Novak Djokovic;US Open;Finals;Rafael Nadal;1;L;46 75 46 26
Novak Djokovic;US Open;Semi-Finals;Roger Federer;2;W;57 61 57 62 75
Novak Djokovic;US Open;Quarter-Finals;Gael Monfils;19;W;762 61 62
Novak Djokovic;US Open;Round of 16;Mardy Fish;21;W;63 64 61
Novak Djokovic;US Open;Round of 32;James Blake;108;W;61 764 63
Novak Djokovic;US Open;Round of 64;Philipp Petzschner;52;W;75 63 766
Novak Djokovic;US Open;Round of 128;Viktor Troicki;47;W;63 36 26 75 63
Novak Djokovic;ATP Masters 1000 Cincinnati;Quarter-Finals;Andy Roddick;13;L;46 57
Novak Djokovic;ATP Masters 1000 Cincinnati;Round of 16;David Nalbandian;37;W;61 767
Novak Djokovic;ATP Masters 1000 Cincinnati;Round of 32;Viktor Troicki;47;W;63 75
Novak Djokovic;ATP Masters 1000 Cincinnati;Round of 64;Bye;;;
Novak Djokovic;ATP Masters 1000 Canada;Semi-Finals;Roger Federer;3;L;16 63 57
Novak Djokovic;ATP Masters 1000 Canada;Quarter-Finals;Jeremy Chardy;72;W;62 63
Novak Djokovic;ATP Masters 1000 Canada;Round of 16;Victor Hanescu;54;W;63 64
Novak Djokovic;ATP Masters 1000 Canada;Round of 32;Julien Benneteau;33;W;75 75
Novak Djokovic;ATP Masters 1000 Canada;Round of 64;Bye;;;
Novak Djokovic;CRO vs. SRB WG QF;Round Robin;Marin Cilic;13;W;63 63 62
Novak Djokovic;CRO vs. SRB WG QF;Round Robin;Ivan Ljubicic;16;W;763 64 61
Novak Djokovic;Wimbledon;Semi-Finals;Tomas Berdych;13;L;36 679 36
Novak Djokovic;Wimbledon;Quarter-Finals;Yen-Hsun Lu;82;W;63 62 62
Novak Djokovic;Wimbledon;Round of 16;Lleyton Hewitt;26;W;75 64 36 64
Novak Djokovic;Wimbledon;Round of 32;Albert Montanes;31;W;61 64 64
Novak Djokovic;Wimbledon;Round of 64;Taylor Dent;97;W;765 61 64
Novak Djokovic;Wimbledon;Round of 128;Olivier Rochus;68;W;46 62 36 64 62
Novak Djokovic;London / Queen's Club;Round of 16;Xavier Malisse;74;L;36 64 26
Novak Djokovic;London / Queen's Club;Round of 32;Paolo Lorenzi;96;W;63 63
Novak Djokovic;London / Queen's Club;Round of 64;Bye;;;
Novak Djokovic;Roland Garros;Quarter-Finals;Jurgen Melzer;27;L;63 62 26 673 46
Novak Djokovic;Roland Garros;Round of 16;Robby Ginepri;98;W;64 26 61 62
Novak Djokovic;Roland Garros;Round of 32;Victor Hanescu;37;W;63 36 63 62
Novak Djokovic;Roland Garros;Round of 64;Kei Nishikori;246;W;61 64 64
Novak Djokovic;Roland Garros;Round of 128;Evgeny Korolev;73;W;61 36 61 63
Novak Djokovic;Belgrade;Quarter-Finals;Filip Krajinovic;319;L;46 (RET)
Novak Djokovic;Belgrade;Round of 16;Fabio Fognini;80;W;64 64
Novak Djokovic;Belgrade;Round of 32;Bye;;;
Novak Djokovic;ATP Masters 1000 Rome;Quarter-Finals;Fernando Verdasco;9;L;674 63 46
Novak Djokovic;ATP Masters 1000 Rome;Round of 16;Thomaz Bellucci;28;W;64 64
Novak Djokovic;ATP Masters 1000 Rome;Round of 32;Jeremy Chardy;46;W;61 61
Novak Djokovic;ATP Masters 1000 Rome;Round of 64;Bye;;;
Novak Djokovic;ATP Masters 1000 Monte Carlo;Semi-Finals;Fernando Verdasco;12;L;26 26
Novak Djokovic;ATP Masters 1000 Monte Carlo;Quarter-Finals;David Nalbandian;151;W;62 63
Novak Djokovic;ATP Masters 1000 Monte Carlo;Round of 16;Stan Wawrinka;20;W;64 64
Novak Djokovic;ATP Masters 1000 Monte Carlo;Round of 32;Florent Serra;67;W;62 63
Novak Djokovic;ATP Masters 1000 Monte Carlo;Round of 64;Bye;;;
Novak Djokovic;ATP Masters 1000 Miami;Round of 64;Olivier Rochus;59;L;26 767 46
Novak Djokovic;ATP Masters 1000 Miami;Round of 128;Bye;;;
Novak Djokovic;ATP Masters 1000 Indian Wells;Round of 16;Ivan Ljubicic;26;L;57 36
Novak Djokovic;ATP Masters 1000 Indian Wells;Round of 32;Philipp Kohlschreiber;31;W;63 26 763
Novak Djokovic;ATP Masters 1000 Indian Wells;Round of 64;Mardy Fish;106;W;61 06 62
Novak Djokovic;ATP Masters 1000 Indian Wells;Round of 128;Bye;;;
Novak Djokovic;SRB vs. USA WG 1st RD;Round Robin;John Isner;20;W;75 36 63 676 64
Novak Djokovic;SRB vs. USA WG 1st RD;Round Robin;Sam Querrey;22;W;62 764 26 63
Novak Djokovic;Dubai;Finals;Mikhail Youzhny;15;W;75 57 63
Novak Djokovic;Dubai;Semi-Finals;Marcos Baghdatis;37;W;672 63 64
Novak Djokovic;Dubai;Quarter-Finals;Ivan Ljubicic;26;W;26 64 60
Novak Djokovic;Dubai;Round of 16;Viktor Troicki;35;W;36 64 62
Novak Djokovic;Dubai;Round of 32;Guillermo Garcia-Lopez;47;W;64 64
Novak Djokovic;Rotterdam;Semi-Finals;Mikhail Youzhny;20;L;675 676
Novak Djokovic;Rotterdam;Quarter-Finals;Florian Mayer;63;W;(W/O)
Novak Djokovic;Rotterdam;Round of 16;Marco Chiudinelli;54;W;64 62
Novak Djokovic;Rotterdam;Round of 32;Sergiy Stakhovsky;69;W;62 41 (RET)
Novak Djokovic;Australian Open;Quarter-Finals;Jo-Wilfried Tsonga;10;L;678 765 61 36 16
Novak Djokovic;Australian Open;Round of 16;Lukasz Kubot;86;W;61 62 75
Novak Djokovic;Australian Open;Round of 32;Denis Istomin;103;W;61 61 62
Novak Djokovic;Australian Open;Round of 64;Marco Chiudinelli;58;W;36 61 61 63
Novak Djokovic;Australian Open;Round of 128;Daniel Gimeno-Traver;74;W;75 63 62
Novak Djokovic;ATP Finals;Round Robin;Rafael Nadal;2;W;765 63
Novak Djokovic;ATP Finals;Round Robin;Robin Soderling;9;L;675 16
Novak Djokovic;ATP Finals;Round Robin;Nikolay Davydenko;7;W;36 64 75
Novak Djokovic;ATP Masters 1000 Paris;Finals;Gael Monfils;16;W;62 57 763
Novak Djokovic;ATP Masters 1000 Paris;Semi-Finals;Rafael Nadal;2;W;62 63
Novak Djokovic;ATP Masters 1000 Paris;Quarter-Finals;Robin Soderling;10;W;64 16 63
Novak Djokovic;ATP Masters 1000 Paris;Round of 16;Arnaud Clement;93;W;62 62
Novak Djokovic;ATP Masters 1000 Paris;Round of 32;Juan Monaco;30;W;63 75
Novak Djokovic;ATP Masters 1000 Paris;Round of 64;Bye;;;
Novak Djokovic;Basel;Finals;Roger Federer;1;W;64 46 62
Novak Djokovic;Basel;Semi-Finals;Radek Stepanek;14;W;674 75 62
Novak Djokovic;Basel;Quarter-Finals;Stan Wawrinka;21;W;36 765 62
Novak Djokovic;Basel;Round of 16;Jan Hernych;59;W;60 60
Novak Djokovic;Basel;Round of 32;Andreas Beck;33;W;63 75
Novak Djokovic;ATP Masters 1000 Shanghai;Semi-Finals;Nikolay Davydenko;8;L;64 46 671
Novak Djokovic;ATP Masters 1000 Shanghai;Quarter-Finals;Gilles Simon;10;W;63 26 62
Novak Djokovic;ATP Masters 1000 Shanghai;Round of 16;Rainer Schuettler;99;W;64 62
Novak Djokovic;ATP Masters 1000 Shanghai;Round of 32;Fabio Fognini;66;W;63 61
Novak Djokovic;ATP Masters 1000 Shanghai;Round of 64;Bye;;;
Novak Djokovic;Beijing;Finals;Marin Cilic;15;W;62 764
Novak Djokovic;Beijing;Semi-Finals;Robin Soderling;11;W;63 63
Novak Djokovic;Beijing;Quarter-Finals;Fernando Verdasco;9;W;63 16 61
Novak Djokovic;Beijing;Round of 16;Viktor Troicki;28;W;63 60
Novak Djokovic;Beijing;Round of 32;Victor Hanescu;27;W;63 75
Novak Djokovic;US Open;Semi-Finals;Roger Federer;1;L;673 57 57
Novak Djokovic;US Open;Quarter-Finals;Fernando Verdasco;10;W;762 16 75 62
Novak Djokovic;US Open;Round of 16;Radek Stepanek;16;W;61 63 63
Novak Djokovic;US Open;Round of 32;Jesse Witten;276;W;672 63 762 64
Novak Djokovic;US Open;Round of 64;Carsten Ball;155;W;63 64 64
Novak Djokovic;US Open;Round of 128;Ivan Ljubicic;51;W;63 61 63
Novak Djokovic;ATP Masters 1000 Cincinnati;Finals;Roger Federer;1;L;16 57
Novak Djokovic;ATP Masters 1000 Cincinnati;Semi-Finals;Rafael Nadal;3;W;61 64
Novak Djokovic;ATP Masters 1000 Cincinnati;Quarter-Finals;Gilles Simon;9;W;64 75
Novak Djokovic;ATP Masters 1000 Cincinnati;Round of 16;Jeremy Chardy;35;W;75 63
Novak Djokovic;ATP Masters 1000 Cincinnati;Round of 32;Ivan Ljubicic;54;W;765 64
Novak Djokovic;ATP Masters 1000 Cincinnati;Round of 64;Bye;;;
Novak Djokovic;ATP Masters 1000 Canada;Quarter-Finals;Andy Roddick;5;L;46 674
Novak Djokovic;ATP Masters 1000 Canada;Round of 16;Mikhail Youzhny;65;W;63 64
Novak Djokovic;ATP Masters 1000 Canada;Round of 32;Peter Polansky;225;W;64 766
Novak Djokovic;ATP Masters 1000 Canada;Round of 64;Bye;;;
Novak Djokovic;Wimbledon;Quarter-Finals;Tommy Haas;34;L;57 676 64 36
Novak Djokovic;Wimbledon;Round of 16;Dudi Sela;46;W;62 64 61
Novak Djokovic;Wimbledon;Round of 32;Mardy Fish;25;W;64 64 64
Novak Djokovic;Wimbledon;Round of 64;Simon Greul;106;W;75 61 64
Novak Djokovic;Wimbledon;Round of 128;Julien Benneteau;81;W;678 761 62 64
Novak Djokovic;Halle;Finals;Tommy Haas;41;L;36 764 16
Novak Djokovic;Halle;Semi-Finals;Olivier Rochus;136;W;767 64
Novak Djokovic;Halle;Quarter-Finals;Jurgen Melzer;28;W;61 64
Novak Djokovic;Halle;Round of 16;Florent Serra;56;W;57 75 61
Novak Djokovic;Halle;Round of 32;Simone Bolelli;66;W;75 62
Novak Djokovic;Roland Garros;Round of 32;Philipp Kohlschreiber;31;L;46 46 46
Novak Djokovic;Roland Garros;Round of 64;Sergiy Stakhovsky;110;W;63 64 61
Novak Djokovic;Roland Garros;Round of 128;Nicolas Lapentti;102;W;63 31 (RET)
Novak Djokovic;ATP Masters 1000 Madrid;Semi-Finals;Rafael Nadal;1;L;63 675 679
Novak Djokovic;ATP Masters 1000 Madrid;Quarter-Finals;Ivan Ljubicic;54;W;64 64
Novak Djokovic;ATP Masters 1000 Madrid;Round of 16;Andreas Seppi;36;W;64 64
Novak Djokovic;ATP Masters 1000 Madrid;Round of 32;Oscar Hernandez;65;W;63 63
Novak Djokovic;ATP Masters 1000 Madrid;Round of 64;Bye;;;
Novak Djokovic;Belgrade;Finals;Lukasz Kubot;179;W;63 76
Novak Djokovic;Belgrade;Semi-Finals;Andreas Seppi;36;W;46 61 62
Novak Djokovic;Belgrade;Quarter-Finals;Viktor Troicki;38;W;63 62
Novak Djokovic;Belgrade;Round of 16;Janko Tipsarevic;63;W;62 46 60
Novak Djokovic;Belgrade;Round of 32;Bye;;;
Novak Djokovic;ATP Masters 1000 Rome;Finals;Rafael Nadal;1;L;672 26
Novak Djokovic;ATP Masters 1000 Rome;Semi-Finals;Roger Federer;2;W;46 63 63
Novak Djokovic;ATP Masters 1000 Rome;Quarter-Finals;Juan Martin del Potro;5;W;63 64
Novak Djokovic;ATP Masters 1000 Rome;Round of 16;Tommy Robredo;17;W;61 61
Novak Djokovic;ATP Masters 1000 Rome;Round of 32;Albert Montanes;33;W;765 60
Novak Djokovic;ATP Masters 1000 Rome;Round of 64;Bye;;;
Novak Djokovic;ATP Masters 1000 Monte Carlo;Finals;Rafael Nadal;1;L;36 62 16
Novak Djokovic;ATP Masters 1000 Monte Carlo;Semi-Finals;Stan Wawrinka;16;W;46 61 63
Novak Djokovic;ATP Masters 1000 Monte Carlo;Quarter-Finals;Fernando Verdasco;8;W;62 46 63
Novak Djokovic;ATP Masters 1000 Monte Carlo;Round of 16;Albert Montanes;36;W;61 674 60
Novak Djokovic;ATP Masters 1000 Monte Carlo;Round of 32;Oscar Hernandez;65;W;61 62
Novak Djokovic;ATP Masters 1000 Monte Carlo;Round of 64;Bye;;;
Novak Djokovic;ATP Masters 1000 Miami;Finals;Andy Murray;4;L;26 57
Novak Djokovic;ATP Masters 1000 Miami;Semi-Finals;Roger Federer;2;W;36 62 63
Novak Djokovic;ATP Masters 1000 Miami;Quarter-Finals;Jo-Wilfried Tsonga;11;W;63 64
Novak Djokovic;ATP Masters 1000 Miami;Round of 16;Tomas Berdych;22;W;63 62
Novak Djokovic;ATP Masters 1000 Miami;Round of 32;Paul-Henri Mathieu;33;W;64 61
Novak Djokovic;ATP Masters 1000 Miami;Round of 64;Frank Dancevic;117;W;63 62
Novak Djokovic;ATP Masters 1000 Miami;Round of 128;Bye;;;
Novak Djokovic;ATP Masters 1000 Indian Wells;Quarter-Finals;Andy Roddick;7;L;36 26
Novak Djokovic;ATP Masters 1000 Indian Wells;Round of 16;Stan Wawrinka;16;W;767 766
Novak Djokovic;ATP Masters 1000 Indian Wells;Round of 32;Tommy Haas;64;W;62 761
Novak Djokovic;ATP Masters 1000 Indian Wells;Round of 64;Martin Vassallo Arguello;54;W;75 64
Novak Djokovic;ATP Masters 1000 Indian Wells;Round of 128;Bye;;;
Novak Djokovic;ESP vs. SRB WG 1st RD;Round Robin;Rafael Nadal;1;L;46 46 16
Novak Djokovic;ESP vs. SRB WG 1st RD;Round Robin;David Ferrer;12;L;36 36 674
Novak Djokovic;Dubai;Finals;David Ferrer;14;W;75 63
Novak Djokovic;Dubai;Semi-Finals;Gilles Simon;8;W;36 75 75
Novak Djokovic;Dubai;Quarter-Finals;Marin Cilic;19;W;63 64
Novak Djokovic;Dubai;Round of 16;Jan Hernych;66;W;63 36 64
Novak Djokovic;Dubai;Round of 32;Flavio Cipolla;125;W;63 62
Novak Djokovic;Marseille;Semi-Finals;Jo-Wilfried Tsonga;12;L;46 671
Novak Djokovic;Marseille;Quarter-Finals;Mischa Zverev;76;W;63 63
Novak Djokovic;Marseille;Round of 16;Jan Hernych;68;W;75 64
Novak Djokovic;Marseille;Round of 32;Jeremy Chardy;55;W;764 64
Novak Djokovic;Australian Open;Quarter-Finals;Andy Roddick;9;L;763 46 26 12 (RET)
Novak Djokovic;Australian Open;Round of 16;Marcos Baghdatis;97;W;61 761 675 62
Novak Djokovic;Australian Open;Round of 32;Amer Delic;127;W;62 46 63 764
Novak Djokovic;Australian Open;Round of 64;Jeremy Chardy;68;W;75 61 63
Novak Djokovic;Australian Open;Round of 128;Andrea Stoppini;220;W;62 63 75
Novak Djokovic;Sydney;Semi-Finals;Jarkko Nieminen;40;L;46 673
Novak Djokovic;Sydney;Quarter-Finals;Mario Ancic;35;W;63 64
Novak Djokovic;Sydney;Round of 16;Paul-Henri Mathieu;29;W;61 62
Novak Djokovic;Sydney;Round of 32;Bye;;;
Novak Djokovic;Brisbane;Round of 32;Ernests Gulbis;53;L;46 46
Novak Djokovic;Tennis Masters Cup;Finals;Nikolay Davydenko;5;W;61 75
Novak Djokovic;Tennis Masters Cup;Semi-Finals;Gilles Simon;9;W;46 63 75
Novak Djokovic;Tennis Masters Cup;Round Robin;Jo-Wilfried Tsonga;7;L;61 57 16
Novak Djokovic;Tennis Masters Cup;Round Robin;Nikolay Davydenko;5;W;763 06 75
Novak Djokovic;Tennis Masters Cup;Round Robin;Juan Martin del Potro;8;W;75 63
Novak Djokovic;ATP Masters 1000 Paris;Round of 16;Jo-Wilfried Tsonga;14;L;46 61 36
Novak Djokovic;ATP Masters 1000 Paris;Round of 32;Dmitry Tursunov;26;W;62 43 (RET)
Novak Djokovic;ATP Masters 1000 Paris;Round of 64;Bye;;;
Novak Djokovic;ATP Masters 1000 Madrid;Round of 16;Ivo Karlovic;21;L;674 675
Novak Djokovic;ATP Masters 1000 Madrid;Round of 32;Victor Hanescu;73;W;678 766 31 (RET)
Novak Djokovic;ATP Masters 1000 Madrid;Round of 64;Bye;;;
Novak Djokovic;Bangkok;Finals;Jo-Wilfried Tsonga;20;L;674 46
Novak Djokovic;Bangkok;Semi-Finals;Tomas Berdych;27;W;75 61
Novak Djokovic;Bangkok;Quarter-Finals;Robin Soderling;34;W;64 75
Novak Djokovic;Bangkok;Round of 16;Simon Stadler;141;W;61 63
Novak Djokovic;Bangkok;Round of 32;Bye;;;
Novak Djokovic;SVK vs. SRB WG Play-offs;Round Robin;Dominik Hrbaty;399;W;62 64 63
Novak Djokovic;US Open;Semi-Finals;Roger Federer;2;L;36 75 57 26
Novak Djokovic;US Open;Quarter-Finals;Andy Roddick;8;W;62 63 36 765
Novak Djokovic;US Open;Round of 16;Tommy Robredo;15;W;46 62 63 57 63
Novak Djokovic;US Open;Round of 32;Marin Cilic;24;W;677 75 64 76
Novak Djokovic;US Open;Round of 64;Robert Kendrick;113;W;768 64 64
Novak Djokovic;US Open;Round of 128;Arnaud Clement;78;W;63 63 64
Novak Djokovic;Beijing Olympics;Olympic Bronze;James Blake;7;W;63 764
Novak Djokovic;Beijing Olympics;Semi-Finals;Rafael Nadal;2;L;46 61 46
Novak Djokovic;Beijing Olympics;Quarter-Finals;Gael Monfils;43;W;46 61 64
Novak Djokovic;Beijing Olympics;Round of 16;Mikhail Youzhny;22;W;763 63
Novak Djokovic;Beijing Olympics;Round of 32;Rainer Schuettler;35;W;64 62
Novak Djokovic;Beijing Olympics;Round of 64;Robby Ginepri;59;W;64 64
Novak Djokovic;ATP Masters 1000 Cincinnati;Finals;Andy Murray;9;L;674 675
Novak Djokovic;ATP Masters 1000 Cincinnati;Semi-Finals;Rafael Nadal;2;W;61 75
Novak Djokovic;ATP Masters 1000 Cincinnati;Quarter-Finals;Ernests Gulbis;53;W;63 64
Novak Djokovic;ATP Masters 1000 Cincinnati;Round of 16;Andreas Seppi;39;W;61 62
Novak Djokovic;ATP Masters 1000 Cincinnati;Round of 32;Simone Bolelli;50;W;762 762
Novak Djokovic;ATP Masters 1000 Cincinnati;Round of 64;Bye;;;
Novak Djokovic;ATP Masters 1000 Canada;Quarter-Finals;Andy Murray;9;L;36 673
Novak Djokovic;ATP Masters 1000 Canada;Round of 16;Robin Soderling;49;W;64 64
Novak Djokovic;ATP Masters 1000 Canada;Round of 32;Frank Dancevic;82;W;64 64
Novak Djokovic;ATP Masters 1000 Canada;Round of 64;Bye;;;
Novak Djokovic;Wimbledon;Round of 64;Marat Safin;75;L;46 673 26
Novak Djokovic;Wimbledon;Round of 128;Michael Berrer;91;W;75 26 63 60
Novak Djokovic;London / Queen's Club;Finals;Rafael Nadal;2;L;676 57
Novak Djokovic;London / Queen's Club;Semi-Finals;David Nalbandian;8;W;61 60
Novak Djokovic;London / Queen's Club;Quarter-Finals;Lleyton Hewitt;30;W;62 62
Novak Djokovic;London / Queen's Club;Round of 16;Janko Tipsarevic;39;W;26 61 64
Novak Djokovic;London / Queen's Club;Round of 32;Roko Karanusic;112;W;62 767
Novak Djokovic;London / Queen's Club;Round of 64;Bye;;;
Novak Djokovic;Roland Garros;Semi-Finals;Rafael Nadal;2;L;46 26 673
Novak Djokovic;Roland Garros;Quarter-Finals;Ernests Gulbis;80;W;75 763 75
Novak Djokovic;Roland Garros;Round of 16;Paul-Henri Mathieu;19;W;64 63 64
Novak Djokovic;Roland Garros;Round of 32;Wayne Odesnik;106;W;75 64 62
Novak Djokovic;Roland Garros;Round of 64;Miguel Angel Lopez Jaen;264;W;61 61 63
Novak Djokovic;Roland Garros;Round of 128;Denis Gremelmayr;64;W;46 63 75 62
Novak Djokovic;ATP Masters 1000 Hamburg;Semi-Finals;Rafael Nadal;2;L;57 62 26
Novak Djokovic;ATP Masters 1000 Hamburg;Quarter-Finals;Albert Montanes;78;W;62 63
Novak Djokovic;ATP Masters 1000 Hamburg;Round of 16;Ivo Karlovic;24;W;763 63
Novak Djokovic;ATP Masters 1000 Hamburg;Round of 32;Juan Ignacio Chela;39;W;63 61
Novak Djokovic;ATP Masters 1000 Hamburg;Round of 64;Bye;;;
Novak Djokovic;ATP Masters 1000 Rome;Finals;Stan Wawrinka;24;W;46 63 63
Novak Djokovic;ATP Masters 1000 Rome;Semi-Finals;Radek Stepanek;27;W;60 10 (RET)
Novak Djokovic;ATP Masters 1000 Rome;Quarter-Finals;Nicolas Almagro;21;W;61 10 (RET)
Novak Djokovic;ATP Masters 1000 Rome;Round of 16;Igor Andreev;26;W;63 36 63
Novak Djokovic;ATP Masters 1000 Rome;Round of 32;Steve Darcis;49;W;64 60
Novak Djokovic;ATP Masters 1000 Rome;Round of 64;Bye;;;
Novak Djokovic;ATP Masters 1000 Monte Carlo;Semi-Finals;Roger Federer;1;L;36 23 (RET)
Novak Djokovic;ATP Masters 1000 Monte Carlo;Quarter-Finals;Sam Querrey;50;W;64 60
Novak Djokovic;ATP Masters 1000 Monte Carlo;Round of 16;Andy Murray;20;W;60 64
Novak Djokovic;ATP Masters 1000 Monte Carlo;Round of 32;Ivan Ljubicic;29;W;63 63
Novak Djokovic;ATP Masters 1000 Monte Carlo;Round of 64;Bye;;;
Novak Djokovic;ATP Masters 1000 Miami;Round of 64;Kevin Anderson;122;L;671 63 46
Novak Djokovic;ATP Masters 1000 Miami;Round of 128;Bye;;;
Novak Djokovic;ATP Masters 1000 Indian Wells;Finals;Mardy Fish;98;W;62 57 63
Novak Djokovic;ATP Masters 1000 Indian Wells;Semi-Finals;Rafael Nadal;2;W;63 62
Novak Djokovic;ATP Masters 1000 Indian Wells;Quarter-Finals;Stan Wawrinka;35;W;765 62
Novak Djokovic;ATP Masters 1000 Indian Wells;Round of 16;Guillermo Canas;16;W;62 63
Novak Djokovic;ATP Masters 1000 Indian Wells;Round of 32;Philipp Kohlschreiber;27;W;63 62
Novak Djokovic;ATP Masters 1000 Indian Wells;Round of 64;Andreas Seppi;40;W;63 763
Novak Djokovic;ATP Masters 1000 Indian Wells;Round of 128;Bye;;;
Novak Djokovic;Dubai;Semi-Finals;Andy Roddick;6;L;675 36
Novak Djokovic;Dubai;Quarter-Finals;Igor Andreev;34;W;62 61
Novak Djokovic;Dubai;Round of 16;Fabrice Santoro;47;W;63 763
Novak Djokovic;Dubai;Round of 32;Marin Cilic;45;W;64 63
Novak Djokovic;Marseille;Round of 16;Gilles Simon;30;L;26 766 36
Novak Djokovic;Marseille;Round of 32;Ivan Dodig;296;W;61 64
Novak Djokovic;RUS v. SRB WG 1st RD;Round Robin;Nikolay Davydenko;4;L;64 63 46 (RET)
Novak Djokovic;Australian Open;Finals;Jo-Wilfried Tsonga;38;W;46 64 63 762
Novak Djokovic;Australian Open;Semi-Finals;Roger Federer;1;W;75 63 765
Novak Djokovic;Australian Open;Quarter-Finals;David Ferrer;5;W;60 63 75
Novak Djokovic;Australian Open;Round of 16;Lleyton Hewitt;22;W;75 63 63
Novak Djokovic;Australian Open;Round of 32;Sam Querrey;62;W;63 61 63
Novak Djokovic;Australian Open;Round of 64;Simone Bolelli;70;W;61 62 62
Novak Djokovic;Australian Open;Round of 128;Benjamin Becker;81;W;60 62 765
Novak Djokovic;Tennis Masters Cup;Round Robin;Rafael Nadal;2;L;46 46
Novak Djokovic;Tennis Masters Cup;Round Robin;Richard Gasquet;8;L;46 26
Novak Djokovic;Tennis Masters Cup;Round Robin;David Ferrer;6;L;46 46
Novak Djokovic;ATP Masters 1000 Paris;Round of 32;Fabrice Santoro;39;L;36 26
Novak Djokovic;ATP Masters 1000 Paris;Round of 64;Bye;;;
Novak Djokovic;ATP Masters 1000 Madrid;Semi-Finals;David Nalbandian;25;L;46 674
Novak Djokovic;ATP Masters 1000 Madrid;Quarter-Finals;Mario Ancic;49;W;762 62
Novak Djokovic;ATP Masters 1000 Madrid;Round of 16;Juan Carlos Ferrero;23;W;63 26 64
Novak Djokovic;ATP Masters 1000 Madrid;Round of 32;Fernando Verdasco;32;W;677 63 63
Novak Djokovic;ATP Masters 1000 Madrid;Round of 64;Bye;;;
Novak Djokovic;Vienna;Finals;Stan Wawrinka;41;W;64 60
Novak Djokovic;Vienna;Semi-Finals;Andreas Seppi;73;W;64 63
Novak Djokovic;Vienna;Quarter-Finals;Juan Ignacio Chela;16;W;63 57 762
Novak Djokovic;Vienna;Round of 16;Tomas Zib;126;W;64 64
Novak Djokovic;Vienna;Round of 32;Robby Ginepri;70;W;63 64
Novak Djokovic;SRB v. AUS WG PO;Round Robin;Chris Guccione;94;W;63 763 765
Novak Djokovic;SRB v. AUS WG PO;Round Robin;Peter Luczak;91;W;61 64 62
Novak Djokovic;US Open;Finals;Roger Federer;1;L;674 672 46
Novak Djokovic;US Open;Semi-Finals;David Ferrer;15;W;64 64 63
Novak Djokovic;US Open;Quarter-Finals;Carlos Moya;17;W;64 767 61
Novak Djokovic;US Open;Round of 16;Juan Monaco;23;W;75 762 676 61
Novak Djokovic;US Open;Round of 32;Juan Martin del Potro;57;W;61 63 64
Novak Djokovic;US Open;Round of 64;Radek Stepanek;35;W;674 765 57 75 762
Novak Djokovic;US Open;Round of 128;Robin Haase;95;W;62 61 63
Novak Djokovic;ATP Masters 1000 Cincinnati;Round of 32;Carlos Moya;19;L;46 16
Novak Djokovic;ATP Masters 1000 Cincinnati;Round of 64;Bye;;;
Novak Djokovic;ATP Masters 1000 Canada;Finals;Roger Federer;1;W;762 26 762
Novak Djokovic;ATP Masters 1000 Canada;Semi-Finals;Rafael Nadal;2;W;75 63
Novak Djokovic;ATP Masters 1000 Canada;Quarter-Finals;Andy Roddick;3;W;764 64
Novak Djokovic;ATP Masters 1000 Canada;Round of 16;David Nalbandian;26;W;62 63
Novak Djokovic;ATP Masters 1000 Canada;Round of 32;Nicolas Kiefer;254;W;63 63
Novak Djokovic;ATP Masters 1000 Canada;Round of 64;Bye;;;
Novak Djokovic;Umag;Round of 16;Viktor Troicki;176;L;62 46 57
Novak Djokovic;Umag;Round of 32;Pablo Andujar;182;W;61 63
Novak Djokovic;Wimbledon;Semi-Finals;Rafael Nadal;2;L;63 16 14 (RET)
Novak Djokovic;Wimbledon;Quarter-Finals;Marcos Baghdatis;16;W;764 769 673 46 75
Novak Djokovic;Wimbledon;Round of 16;Lleyton Hewitt;19;W;768 762 46 765
Novak Djokovic;Wimbledon;Round of 32;Nicolas Kiefer;-;W;764 676 62 765
Novak Djokovic;Wimbledon;Round of 64;Amer Delic;67;W;63 36 63 764
Novak Djokovic;Wimbledon;Round of 128;Potito Starace;47;W;60 63 64
Novak Djokovic;London / Queen's Club;Round of 16;Arnaud Clement;43;L;62 36 46
Novak Djokovic;London / Queen's Club;Round of 32;Robert Kendrick;86;W;36 63 62
Novak Djokovic;London / Queen's Club;Round of 64;Bye;;;
Novak Djokovic;Roland Garros;Semi-Finals;Rafael Nadal;2;L;57 46 26
Novak Djokovic;Roland Garros;Quarter-Finals;Igor Andreev;125;W;63 63 63
Novak Djokovic;Roland Garros;Round of 16;Fernando Verdasco;51;W;63 63 761
Novak Djokovic;Roland Garros;Round of 32;Olivier Patience;129;W;762 26 36 764 63
Novak Djokovic;Roland Garros;Round of 64;Laurent Recouderc;306;W;63 36 63 61
Novak Djokovic;Roland Garros;Round of 128;Santiago Giraldo;123;W;63 763 64
Novak Djokovic;ATP Masters 1000 Hamburg;Quarter-Finals;Carlos Moya;36;L;674 64 57
Novak Djokovic;ATP Masters 1000 Hamburg;Round of 16;Jarkko Nieminen;23;W;75 46 64
Novak Djokovic;ATP Masters 1000 Hamburg;Round of 32;Julien Benneteau;38;W;765 63
Novak Djokovic;ATP Masters 1000 Hamburg;Round of 64;Bye;;;
Novak Djokovic;ATP Masters 1000 Rome;Quarter-Finals;Rafael Nadal;2;L;26 36
Novak Djokovic;ATP Masters 1000 Rome;Round of 16;Marcos Baghdatis;18;W;62 75
Novak Djokovic;ATP Masters 1000 Rome;Round of 32;Robin Soderling;27;W;36 64 63
Novak Djokovic;ATP Masters 1000 Rome;Round of 64;Bye;;;
Novak Djokovic;Estoril;Finals;Richard Gasquet;15;W;767 06 61
Novak Djokovic;Estoril;Semi-Finals;Tommy Robredo;7;W;75 61
Novak Djokovic;Estoril;Quarter-Finals;Guillermo Garcia-Lopez;62;W;64 16 75
Novak Djokovic;Estoril;Round of 16;Santiago Ventura;232;W;62 62
Novak Djokovic;Estoril;Round of 32;Igor Andreev;177;W;62 46 765
Novak Djokovic;ATP Masters 1000 Monte Carlo;Round of 16;David Ferrer;16;L;57 46
Novak Djokovic;ATP Masters 1000 Monte Carlo;Round of 32;Gaston Gaudio;45;W;61 36 61
Novak Djokovic;ATP Masters 1000 Monte Carlo;Round of 64;Bye;;;
Novak Djokovic;SRB v. GEO EAGI 2nd Rd;Round Robin;Giorgi Chantouria;-;W;61 50 (RET)
Novak Djokovic;ATP Masters 1000 Miami;Finals;Guillermo Canas;55;W;63 62 64
Novak Djokovic;ATP Masters 1000 Miami;Semi-Finals;Andy Murray;12;W;61 60
Novak Djokovic;ATP Masters 1000 Miami;Quarter-Finals;Rafael Nadal;2;W;63 64
Novak Djokovic;ATP Masters 1000 Miami;Round of 16;Feliciano Lopez;84;W;60 63
Novak Djokovic;ATP Masters 1000 Miami;Round of 32;Michael Llodra;76;W;64 61
Novak Djokovic;ATP Masters 1000 Miami;Round of 64;Daniele Bracciali;82;W;764 64
Novak Djokovic;ATP Masters 1000 Miami;Round of 128;Bye;;;
Novak Djokovic;ATP Masters 1000 Indian Wells;Finals;Rafael Nadal;2;L;26 57
Novak Djokovic;ATP Masters 1000 Indian Wells;Semi-Finals;Andy Murray;14;W;62 63
Novak Djokovic;ATP Masters 1000 Indian Wells;Quarter-Finals;David Ferrer;15;W;63 64
Novak Djokovic;ATP Masters 1000 Indian Wells;Round of 16;Julien Benneteau;46;W;63 61
Novak Djokovic;ATP Masters 1000 Indian Wells;Round of 32;Evgeny Korolev;71;W;62 61
Novak Djokovic;ATP Masters 1000 Indian Wells;Round of 64;Robby Ginepri;43;W;64 64
Novak Djokovic;ATP Masters 1000 Indian Wells;Round of 128;Bye;;;
Novak Djokovic;Dubai;Quarter-Finals;Roger Federer;1;L;36 766 36
Novak Djokovic;Dubai;Round of 16;Rainer Schuettler;98;W;765 63
Novak Djokovic;Dubai;Round of 32;Kristof Vliegen;49;W;46 64 63
Novak Djokovic;Rotterdam;Semi-Finals;Mikhail Youzhny;22;L;63 677 57
Novak Djokovic;Rotterdam;Quarter-Finals;Tommy Robredo;7;W;46 64 75
Novak Djokovic;Rotterdam;Round of 16;Andrei Pavel;120;W;678 61 63
Novak Djokovic;Rotterdam;Round of 32;Florent Serra;67;W;766 64
Novak Djokovic;Marseille;Round of 32;Mikhail Youzhny;22;L;46 64 67
Novak Djokovic;Australian Open;Round of 16;Roger Federer;1;L;26 57 36
Novak Djokovic;Australian Open;Round of 32;Danai Udomchoke;102;W;63 64 57 61
Novak Djokovic;Australian Open;Round of 64;Feliciano Lopez;79;W;62 75 61
Novak Djokovic;Australian Open;Round of 128;Nicolas Massu;43;W;61 61 60
Novak Djokovic;Adelaide;Finals;Chris Guccione;153;W;63 676 64
Novak Djokovic;Adelaide;Semi-Finals;Joachim Johansson;193;W;63 62
Novak Djokovic;Adelaide;Quarter-Finals;Paul Goldstein;70;W;64 75
Novak Djokovic;Adelaide;Round Robin;Alun Jones;200;W;61 62
Novak Djokovic;Adelaide;Round Robin;Jan Hajek;76;W;60 61
Novak Djokovic;ATP Masters 1000 Paris;Round of 32;Paul-Henri Mathieu;54;L;6711 674
Novak Djokovic;ATP Masters 1000 Paris;Round of 64;Bye;;;
Novak Djokovic;ATP Masters 1000 Madrid;Quarter-Finals;Fernando Gonzalez;10;L;57 75 57
Novak Djokovic;ATP Masters 1000 Madrid;Round of 16;Andy Murray;19;W;16 75 63
Novak Djokovic;ATP Masters 1000 Madrid;Round of 32;Richard Gasquet;27;W;762 16 61
Novak Djokovic;ATP Masters 1000 Madrid;Round of 64;Bye;;;
Novak Djokovic;Vienna;Round of 16;Stan Wawrinka;44;L;36 36
Novak Djokovic;Vienna;Round of 32;Tomas Zib;146;W;63 64
Novak Djokovic;Metz;Finals;Jurgen Melzer;48;W;46 63 62
Novak Djokovic;Metz;Semi-Finals;Sebastien Grosjean;35;W;674 761 63
Novak Djokovic;Metz;Quarter-Finals;Tobias Clemens;265;W;64 61
Novak Djokovic;Metz;Round of 16;Daniele Bracciali;66;W;60 63
Novak Djokovic;Metz;Round of 32;Nicolas Mahut;67;W;62 63
Novak Djokovic;SUI v. SCG WG PO;Round Robin;Roger Federer;1;L;36 26 36
Novak Djokovic;SUI v. SCG WG PO;Round Robin;Stan Wawrinka;44;W;64 36 26 763 64
Novak Djokovic;US Open;Round of 32;Lleyton Hewitt;17;L;36 16 26
Novak Djokovic;US Open;Round of 64;Mardy Fish;60;W;765 64 36 763
Novak Djokovic;US Open;Round of 128;Donald Young;577;W;46 63 60 61
Novak Djokovic;ATP Masters 1000 Cincinnati;Round of 32;Florent Serra;52;L;46 46
Novak Djokovic;ATP Masters 1000 Cincinnati;Round of 64;Jarkko Nieminen;15;W;765 64
Novak Djokovic;Umag;Finals;Stan Wawrinka;69;L;661 (RET)
Novak Djokovic;Umag;Semi-Finals;Carlos Moya;42;W;61 75
Novak Djokovic;Umag;Quarter-Finals;Jiri Vanek;110;W;61 36 75
Novak Djokovic;Umag;Round of 16;Stefano Ianni;559;W;63 64
Novak Djokovic;Umag;Round of 32;Luka Belic;1543;W;63 63
Novak Djokovic;Amersfoort;Finals;Nicolas Massu;37;W;765 64
Novak Djokovic;Amersfoort;Semi-Finals;Guillermo Coria;28;W;62 10 (RET)
Novak Djokovic;Amersfoort;Quarter-Finals;Marc Gicquel;87;W;63 64
Novak Djokovic;Amersfoort;Round of 16;Tomas Zib;127;W;64 62
Novak Djokovic;Amersfoort;Round of 32;Boris Pashanski;73;W;60 63
Novak Djokovic;Wimbledon;Round of 16;Mario Ancic;10;L;46 64 64 57 36
Novak Djokovic;Wimbledon;Round of 32;Mikhail Youzhny;41;W;46 62 63 63
Novak Djokovic;Wimbledon;Round of 64;Tommy Robredo;8;W;765 62 64
Novak Djokovic;Wimbledon;Round of 128;Paul Goldstein;65;W;63 62 763
Novak Djokovic;'s-Hertogenbosch;Round of 16;Jan Hernych;128;L;26 46
Novak Djokovic;'s-Hertogenbosch;Round of 32;Alexander Waske;89;W;679 764 764
Novak Djokovic;Roland Garros;Quarter-Finals;Rafael Nadal;2;L;46 46 (RET)
Novak Djokovic;Roland Garros;Round of 16;Gael Monfils;28;W;765 765 63
Novak Djokovic;Roland Garros;Round of 32;Tommy Haas;25;W;75 61 764
Novak Djokovic;Roland Garros;Round of 64;Fernando Gonzalez;9;W;64 61 36 46 61
Novak Djokovic;Roland Garros;Round of 128;Luis Horna;46;W;63 50 (RET)
Novak Djokovic;ATP Masters 1000 Hamburg;Round of 32;Fernando Verdasco;34;L;46 36
Novak Djokovic;ATP Masters 1000 Hamburg;Round of 64;Guillermo Coria;21;W;63 36 63
Novak Djokovic;Barcelona;Round of 64;Daniel Gimeno-Traver;178;L;46 63 36
Novak Djokovic;ATP Masters 1000 Monte Carlo;Round of 64;Roger Federer;1;L;36 62 36
Novak Djokovic;GBR v. SCG EAGI 2nd Rd.;Round Robin;Greg Rusedski;49;W;63 46 63 766
Novak Djokovic;GBR v. SCG EAGI 2nd Rd.;Round Robin;Arvind Parmar;206;W;63 62 75
Novak Djokovic;ATP Masters 1000 Miami;Round of 64;Guillermo Coria;7;L;57 16
Novak Djokovic;ATP Masters 1000 Miami;Round of 128;Paul-Henri Mathieu;37;W;61 63
Novak Djokovic;ATP Masters 1000 Indian Wells;Round of 128;Julien Benneteau;88;L;36 46
Novak Djokovic;Rotterdam;Quarter-Finals;Radek Stepanek;23;L;57 64 672
Novak Djokovic;Rotterdam;Round of 16;Tim Henman;40;W;57 63 64
Novak Djokovic;Rotterdam;Round of 32;Andreas Seppi;53;W;62 26 75
Novak Djokovic;ISR v. SCG EAGI 1st RD;Round Robin;Dudi Sela;170;W;61 62 763
Novak Djokovic;ISR v. SCG EAGI 1st RD;Round Robin;Noam Okun;196;W;762 766 62 0
Novak Djokovic;Zagreb;Semi-Finals;Ivan Ljubicic;5;L;766 36 46
Novak Djokovic;Zagreb;Quarter-Finals;Ilija Bozoljac;215;W;62 63
Novak Djokovic;Zagreb;Round of 16;Radek Stepanek;21;W;63 64
Novak Djokovic;Zagreb;Round of 32;Robin Vik;59;W;61 75
Novak Djokovic;Australian Open;Round of 128;Paul Goldstein;68;L;26 61 36 26
Novak Djokovic;ATP Masters 1000 Paris;Round of 16;Tommy Robredo;21;L;46 36
Novak Djokovic;ATP Masters 1000 Paris;Round of 32;Mariano Puerta;9;W;63 769
Novak Djokovic;ATP Masters 1000 Paris;Round of 64;Victor Hanescu;37;W;41 (RET)
Novak Djokovic;Lyon;Round of 16;Olivier Rochus;24;L;674 57
Novak Djokovic;Lyon;Round of 32;Ricardo Mello;105;W;765 64
Novak Djokovic;US Open;Round of 32;Fernando Verdasco;48;L;16 64 762 46 46
Novak Djokovic;US Open;Round of 64;Mario Ancic;24;W;63 57 764 63
Novak Djokovic;US Open;Round of 128;Gael Monfils;43;W;75 46 765 06 75
Novak Djokovic;ATP Masters 1000 Cincinnati;Round of 64;Fernando Gonzalez;18;L;63 677 46
Novak Djokovic;Umag;Round of 16;Juan Carlos Ferrero;28;L;46 26
Novak Djokovic;Umag;Round of 32;Alex Calatrava;163;W;61 64
Novak Djokovic;Wimbledon;Round of 32;Sebastien Grosjean;27;L;57 46 75 46
Novak Djokovic;Wimbledon;Round of 64;Guillermo Garcia-Lopez;81;W;36 36 765 763 64
Novak Djokovic;Wimbledon;Round of 128;Juan Monaco;68;W;63 765 63
Novak Djokovic;Roland Garros;Round of 64;Guillermo Coria;9;L;64 26 23 (RET)
Novak Djokovic;Roland Garros;Round of 128;Robby Ginepri;71;W;60 60 63
Novak Djokovic;San Remo;Finals;Francesco Aldi;137;W;63 764
Novak Djokovic;San Remo;Semi-Finals;Roko Karanusic;169;W;63 767
Novak Djokovic;San Remo;Quarter-Finals;Simon Greul;203;W;63 63
Novak Djokovic;San Remo;Round of 16;Andrea Stoppini;252;W;64 46 60
Novak Djokovic;San Remo;Round of 32;Adrian Garcia;153;W;61 42 (RET)
Novak Djokovic;SCG vs. BEL EAGI 2nd RD;Round Robin;Kristof Vliegen;104;L;36 36 63 26
Novak Djokovic;SCG vs. BEL EAGI 2nd RD;Round Robin;Olivier Rochus;33;L;61 57 763 16 36
Novak Djokovic;Monza;Quarter-Finals;Nicolas Devilder;205;L;64 36 57
Novak Djokovic;Monza;Round of 16;Giorgio Galimberti;238;W;60 62
Novak Djokovic;Monza;Round of 32;Daniel Koellerer;242;W;674 63 64
Novak Djokovic;Valencia;Round of 32;Antony Dupuis;114;L;46 57
Novak Djokovic;SCG v. ZIM EAG I 1st. RD;Round Robin;Pfungwa Mahefu;-;W;61 62
Novak Djokovic;SCG v. ZIM EAG I 1st. RD;Round Robin;Genius Chidzikwe;950;W;64 60 64
Novak Djokovic;Cherbourg;Semi-Finals;Nicolas Mahut;135;L;57 765 675
Novak Djokovic;Cherbourg;Quarter-Finals;Marc Gicquel;174;W;26 765 61
Novak Djokovic;Cherbourg;Round of 16;Richard Gasquet;140;W;62 10 (RET)
Novak Djokovic;Cherbourg;Round of 32;Arnaud Di Pasquale;219;W;62 63
Novak Djokovic;Belgrade;Quarter-Finals;Dick Norman;158;L;36 46
Novak Djokovic;Belgrade;Round of 16;Alexander Peya;139;W;64 64
Novak Djokovic;Belgrade;Round of 32;Ilija Bozoljac;504;W;61 36 61
Novak Djokovic;Australian Open;Round of 128;Marat Safin;4;L;06 26 16
Novak Djokovic;Helsinki;Round of 16;Takao Suzuki;214;L;677 36
Novak Djokovic;Helsinki;Round of 32;Leonardo Azzaro;187;W;763 64
Novak Djokovic;Bratislava;Round of 16;Dominik Hrbaty;14;L;46 57
Novak Djokovic;Bratislava;Round of 32;Michal Mertinak;185;W;63 64
Novak Djokovic;Aachen;Finals;Lars Burgsmuller;116;W;64 36 64
Novak Djokovic;Aachen;Semi-Finals;Noam Okun;153;W;63 61
Novak Djokovic;Aachen;Quarter-Finals;George Bastl;286;W;64 62
Novak Djokovic;Aachen;Round of 16;Dick Norman;157;W;764 46 63
Novak Djokovic;Aachen;Round of 32;Stan Wawrinka;159;W;62 63
Novak Djokovic;Bangkok;Round of 32;Dennis Van Scheppingen;81;L;64 57 46
Novak Djokovic;Bucharest;Round of 16;David Ferrer;54;L;64 46 46
Novak Djokovic;Bucharest;Round of 32;Arnaud Clement;67;W;26 64 64
Novak Djokovic;Freudenstadt;Quarter-Finals;Santiago Ventura;132;L;676 46
Novak Djokovic;Freudenstadt;Round of 16;Jerome Haehnel;183;W;57 63 62
Novak Djokovic;Freudenstadt;Round of 32;Jan Minar;241;W;64 62
Novak Djokovic;Manerbio;Quarter-Finals;Nicolas Almagro;135;L;46 26
Novak Djokovic;Manerbio;Round of 16;Jerome Haehnel;186;W;61 64
Novak Djokovic;Manerbio;Round of 32;Didac Perez;225;W;62 64
Novak Djokovic;Serbia F5;Finals;Flavio Cipolla;551;W;64 63
Novak Djokovic;Serbia F5;Semi-Finals;Darko Madjarovski;408;W;36 64 62
Novak Djokovic;Serbia F5;Quarter-Finals;Jerome Becker;1428;W;26 63 64
Novak Djokovic;Serbia F5;Round of 16;David Savic;969;W;61 60
Novak Djokovic;Serbia F5;Round of 32;Goran Tosic;815;W;62 63
Novak Djokovic;Umag;Round of 32;Filippo Volandri;65;L;675 16
Novak Djokovic;Budapest;Finals;Daniele Bracciali;252;W;61 62
Novak Djokovic;Budapest;Semi-Finals;Francisco Costa;338;W;63 06 62
Novak Djokovic;Budapest;Quarter-Finals;Jaroslav Pospisil;268;W;63 75
Novak Djokovic;Budapest;Round of 16;Lukasz Kubot;303;W;64 63
Novak Djokovic;Budapest;Round of 32;Kornel Bardoczky;289;W;64 62
Novak Djokovic;Hungary F2;Round of 32;Melle Van Gemerden;569;L;62 46 36
Novak Djokovic;Hungary F1;Finals;Marko Tkalec;479;W;64 62
Novak Djokovic;Hungary F1;Semi-Finals;Kamil Capkovic;605;W;63 75
Novak Djokovic;Hungary F1;Quarter-Finals;Christian Grunes;666;W;36 64 64
Novak Djokovic;Hungary F1;Round of 16;Herbert Wiltschnig;425;W;60 63
Novak Djokovic;Hungary F1;Round of 32;Theodor Devoty;-;W;61 63
Novak Djokovic;Italy F4;Quarter-Finals;Gael Monfils;669;L;46 765 26
Novak Djokovic;Italy F4;Round of 16;Andrej Kracman;985;W;61 676 62
Novak Djokovic;Italy F4;Round of 32;Victor Bruthans;289;W;61 26 61
Novak Djokovic;SCG v. LAT EAGII 1st Rd.;Round Robin;Janis Skroderis;1340;W;62 62
Novak Djokovic;Croatia F2;Round of 16;Ivo Klec;314;L;63 46 57
Novak Djokovic;Croatia F2;Round of 32;Darko Madjarovski;398;W;63 36 63
Novak Djokovic;Croatia F1;Semi-Finals;Jeroen Masson;728;L;764 57 36
Novak Djokovic;Croatia F1;Quarter-Finals;Uros Vico;267;W;762 64
Novak Djokovic;Croatia F1;Round of 16;Stefan Wauters;413;W;63 64
Novak Djokovic;Croatia F1;Round of 32;Clemens Trimmel;-;W;57 62 61
Novak Djokovic;Belgrade;Round of 32;Marco Chiudinelli;261;L;36 26
Novak Djokovic;Serbia F6;Semi-Finals;Nicolas Renavand;785;L;46 671
Novak Djokovic;Serbia F6;Quarter-Finals;Ivan Cerovic;666;W;63 62
Novak Djokovic;Serbia F6;Round of 16;Domenic Marafiote;566;W;767 (RET)
Novak Djokovic;Serbia F6;Round of 32;Gerard Solves;-;W;63 75
Novak Djokovic;Serbia F5;Round of 32;Mohamed Mamoun;604;L;765 57 02 (RET)
Novak Djokovic;Serbia F4;Semi-Finals;Todor Enev;415;L;16 36
Novak Djokovic;Serbia F4;Quarter-Finals;Christopher Koderisch;952;W;61 63
Novak Djokovic;Serbia F4;Round of 16;Ivan Bjelica;1079;W;60 63
Novak Djokovic;Serbia F4;Round of 32;Domenic Marafiote;559;W;62 63
Novak Djokovic;Serbia F3;Finals;Cesar Ferrer-Victoria;973;W;64 75
Novak Djokovic;Serbia F3;Semi-Finals;Jaroslav Pospisil;559;W;46 75 75
Novak Djokovic;Serbia F3;Quarter-Finals;Goran Tosic;1021;W;(W/O)
Novak Djokovic;Serbia F3;Round of 16;Daniel Sebescen;1353;W;62 62
Novak Djokovic;Serbia F3;Round of 32;Darko Madjarovski;451;W;63 672 64
Novak Djokovic;Serbia F2;Round of 32;Manuel Jorquera;796;L;64 677 26
Novak Djokovic;Germany F1A;Round of 32;Alex Radulescu;664;L;57 675
